Actual,Predicted,Dropout Probability,Risk Score,Risk Category,Intervention
Graduate,Graduate,0.06666666666666667,6.666666666666667,Low Risk,Continue regular academic monitoring and maintain student engagement.
Graduate,Graduate,0.07666666666666666,7.666666666666666,Low Risk,Continue regular academic monitoring and maintain student engagement.
Enrolled,Dropout,0.7666666666666667,76.66666666666667,High Risk,"Immediate academic counseling, faculty mentoring and financial/support assessment."
Graduate,Graduate,0.04666666666666667,4.666666666666667,Low Risk,Continue regular academic monitoring and maintain student engagement.
Graduate,Graduate,0.05333333333333334,5.333333333333334,Low Risk,Continue regular academic monitoring and maintain student engagement.
Graduate,Graduate,0.19,19.0,Low Risk,Continue regular academic monitoring and maintain student engagement.
Graduate,Graduate,0.13,13.0,Low Risk,Continue regular academic monitoring and maintain student engagement.
Graduate,Graduate,0.19333333333333333,19.333333333333332,Low Risk,Continue regular academic monitoring and maintain student engagement.
Graduate,Graduate,0.12333333333333334,12.333333333333334,Low Risk,Continue regular academic monitoring and maintain student engagement.
Graduate,Graduate,0.04,4.0,Low Risk,Continue regular academic monitoring and maintain student engagement.
Graduate,Graduate,0.056666666666666664,5.666666666666666,Low Risk,Continue regular academic monitoring and maintain student engagement.
Enrolled,Enrolled,0.28,28.000000000000004,Low Risk,Continue regular academic monitoring and maintain student engagement.
Dropout,Dropout,0.8566666666666667,85.66666666666667,High Risk,"Immediate academic counseling, faculty mentoring and financial/support assessment."
Dropout,Dropout,0.48333333333333334,48.333333333333336,Moderate Risk,"Provide academic mentoring, attendance monitoring and personalized guidance."
Enrolled,Enrolled,0.2633333333333333,26.333333333333332,Low Risk,Continue regular academic monitoring and maintain student engagement.
Enrolled,Enrolled,0.27,27.0,Low Risk,Continue regular academic monitoring and maintain student engagement.
Graduate,Graduate,0.32,32.0,Moderate Risk,"Provide academic mentoring, attendance monitoring and personalized guidance."
Enrolled,Dropout,0.7366666666666667,73.66666666666667,High Risk,"Immediate academic counseling, faculty mentoring and financial/support assessment."
Dropout,Dropout,0.9866666666666667,98.66666666666667,High Risk,"Immediate academic counseling, faculty mentoring and financial/support assessment."
Dropout,Dropout,0.9733333333333334,97.33333333333334,High Risk,"Immediate academic counseling, faculty mentoring and financial/support assessment."
Graduate,Graduate,0.023333333333333334,2.3333333333333335,Low Risk,Continue regular academic monitoring and maintain student engagement.
Dropout,Dropout,0.8533333333333334,85.33333333333334,High Risk,"Immediate academic counseling, faculty mentoring and financial/support assessment."
Dropout,Dropout,0.88,88.0,High Risk,"Immediate academic counseling, faculty mentoring and financial/support assessment."
Enrolled,Dropout,0.5066666666666667,50.66666666666667,Moderate Risk,"Provide academic mentoring, attendance monitoring and personalized guidance."
Graduate,Graduate,0.03666666666666667,3.6666666666666665,Low Risk,Continue regular academic monitoring and maintain student engagement.
Dropout,Graduate,0.14,14.000000000000002,Low Risk,Continue regular academic monitoring and maintain student engagement.
Enrolled,Dropout,0.83,83.0,High Risk,"Immediate academic counseling, faculty mentoring and financial/support assessment."
Enrolled,Enrolled,0.24666666666666667,24.666666666666668,Low Risk,Continue regular academic monitoring and maintain student engagement.
Enrolled,Graduate,0.06,6.0,Low Risk,Continue regular academic monitoring and maintain student engagement.
Dropout,Dropout,0.7966666666666666,79.66666666666666,High Risk,"Immediate academic counseling, faculty mentoring and financial/support assessment."
Enrolled,Graduate,0.26666666666666666,26.666666666666668,Low Risk,Continue regular academic monitoring and maintain student engagement.
Dropout,Dropout,0.9333333333333333,93.33333333333333,High Risk,"Immediate academic counseling, faculty mentoring and financial/support assessment."
Dropout,Dropout,0.42333333333333334,42.333333333333336,Moderate Risk,"Provide academic mentoring, attendance monitoring and personalized guidance."
Graduate,Graduate,0.016666666666666666,1.6666666666666667,Low Risk,Continue regular academic monitoring and maintain student engagement.
Dropout,Dropout,0.9366666666666666,93.66666666666667,High Risk,"Immediate academic counseling, faculty mentoring and financial/support assessment."
Dropout,Dropout,0.49666666666666665,49.666666666666664,Moderate Risk,"Provide academic mentoring, attendance monitoring and personalized guidance."
Dropout,Graduate,0.15,15.0,Low Risk,Continue regular academic monitoring and maintain student engagement.
Graduate,Graduate,0.11333333333333333,11.333333333333332,Low Risk,Continue regular academic monitoring and maintain student engagement.
Dropout,Dropout,0.6733333333333333,67.33333333333333,High Risk,"Immediate academic counseling, faculty mentoring and financial/support assessment."
Graduate,Graduate,0.1,10.0,Low Risk,Continue regular academic monitoring and maintain student engagement.
Dropout,Dropout,0.66,66.0,High Risk,"Immediate academic counseling, faculty mentoring and financial/support assessment."
Dropout,Dropout,0.91,91.0,High Risk,"Immediate academic counseling, faculty mentoring and financial/support assessment."
Graduate,Graduate,0.023333333333333334,2.3333333333333335,Low Risk,Continue regular academic monitoring and maintain student engagement.
Graduate,Graduate,0.06333333333333334,6.333333333333334,Low Risk,Continue regular academic monitoring and maintain student engagement.
Graduate,Graduate,0.21666666666666667,21.666666666666668,Low Risk,Continue regular academic monitoring and maintain student engagement.
Enrolled,Graduate,0.21333333333333335,21.333333333333336,Low Risk,Continue regular academic monitoring and maintain student engagement.
Graduate,Graduate,0.06666666666666667,6.666666666666667,Low Risk,Continue regular academic monitoring and maintain student engagement.
Graduate,Graduate,0.16333333333333333,16.333333333333332,Low Risk,Continue regular academic monitoring and maintain student engagement.
Graduate,Graduate,0.16,16.0,Low Risk,Continue regular academic monitoring and maintain student engagement.
Graduate,Graduate,0.05333333333333334,5.333333333333334,Low Risk,Continue regular academic monitoring and maintain student engagement.
Graduate,Enrolled,0.25333333333333335,25.333333333333336,Low Risk,Continue regular academic monitoring and maintain student engagement.
Graduate,Graduate,0.056666666666666664,5.666666666666666,Low Risk,Continue regular academic monitoring and maintain student engagement.
Dropout,Dropout,0.8966666666666666,89.66666666666666,High Risk,"Immediate academic counseling, faculty mentoring and financial/support assessment."
Dropout,Dropout,0.99,99.0,High Risk,"Immediate academic counseling, faculty mentoring and financial/support assessment."
Graduate,Graduate,0.1,10.0,Low Risk,Continue regular academic monitoring and maintain student engagement.
Dropout,Dropout,0.8366666666666667,83.66666666666667,High Risk,"Immediate academic counseling, faculty mentoring and financial/support assessment."
Dropout,Dropout,0.93,93.0,High Risk,"Immediate academic counseling, faculty mentoring and financial/support assessment."
Dropout,Enrolled,0.3333333333333333,33.33333333333333,Moderate Risk,"Provide academic mentoring, attendance monitoring and personalized guidance."
Enrolled,Dropout,0.4533333333333333,45.33333333333333,Moderate Risk,"Provide academic mentoring, attendance monitoring and personalized guidance."
Dropout,Dropout,0.75,75.0,High Risk,"Immediate academic counseling, faculty mentoring and financial/support assessment."
Graduate,Graduate,0.04666666666666667,4.666666666666667,Low Risk,Continue regular academic monitoring and maintain student engagement.
Graduate,Graduate,0.03333333333333333,3.3333333333333335,Low Risk,Continue regular academic monitoring and maintain student engagement.
Graduate,Graduate,0.12666666666666668,12.666666666666668,Low Risk,Continue regular academic monitoring and maintain student engagement.
Graduate,Graduate,0.1,10.0,Low Risk,Continue regular academic monitoring and maintain student engagement.
Graduate,Graduate,0.13666666666666666,13.666666666666666,Low Risk,Continue regular academic monitoring and maintain student engagement.
Graduate,Graduate,0.17,17.0,Low Risk,Continue regular academic monitoring and maintain student engagement.
Graduate,Graduate,0.18666666666666668,18.666666666666668,Low Risk,Continue regular academic monitoring and maintain student engagement.
Graduate,Graduate,0.013333333333333334,1.3333333333333335,Low Risk,Continue regular academic monitoring and maintain student engagement.
Graduate,Graduate,0.08333333333333333,8.333333333333332,Low Risk,Continue regular academic monitoring and maintain student engagement.
Dropout,Enrolled,0.43,43.0,Moderate Risk,"Provide academic mentoring, attendance monitoring and personalized guidance."
Enrolled,Enrolled,0.4,40.0,Moderate Risk,"Provide academic mentoring, attendance monitoring and personalized guidance."
Enrolled,Graduate,0.13666666666666666,13.666666666666666,Low Risk,Continue regular academic monitoring and maintain student engagement.
Enrolled,Dropout,0.44333333333333336,44.333333333333336,Moderate Risk,"Provide academic mentoring, attendance monitoring and personalized guidance."
Dropout,Graduate,0.11,11.0,Low Risk,Continue regular academic monitoring and maintain student engagement.
Dropout,Dropout,0.9566666666666667,95.66666666666667,High Risk,"Immediate academic counseling, faculty mentoring and financial/support assessment."
Graduate,Graduate,0.10333333333333333,10.333333333333334,Low Risk,Continue regular academic monitoring and maintain student engagement.
Graduate,Graduate,0.09,9.0,Low Risk,Continue regular academic monitoring and maintain student engagement.
Graduate,Enrolled,0.07666666666666666,7.666666666666666,Low Risk,Continue regular academic monitoring and maintain student engagement.
Dropout,Graduate,0.17333333333333334,17.333333333333336,Low Risk,Continue regular academic monitoring and maintain student engagement.
Enrolled,Graduate,0.18,18.0,Low Risk,Continue regular academic monitoring and maintain student engagement.
Dropout,Graduate,0.34,34.0,Moderate Risk,"Provide academic mentoring, attendance monitoring and personalized guidance."
Graduate,Graduate,0.07333333333333333,7.333333333333333,Low Risk,Continue regular academic monitoring and maintain student engagement.
Graduate,Graduate,0.03,3.0,Low Risk,Continue regular academic monitoring and maintain student engagement.
Graduate,Graduate,0.12333333333333334,12.333333333333334,Low Risk,Continue regular academic monitoring and maintain student engagement.
Dropout,Dropout,0.9666666666666667,96.66666666666667,High Risk,"Immediate academic counseling, faculty mentoring and financial/support assessment."
Graduate,Graduate,0.023333333333333334,2.3333333333333335,Low Risk,Continue regular academic monitoring and maintain student engagement.
Graduate,Graduate,0.08,8.0,Low Risk,Continue regular academic monitoring and maintain student engagement.
Graduate,Graduate,0.22666666666666666,22.666666666666664,Low Risk,Continue regular academic monitoring and maintain student engagement.
Enrolled,Enrolled,0.21666666666666667,21.666666666666668,Low Risk,Continue regular academic monitoring and maintain student engagement.
Graduate,Graduate,0.21666666666666667,21.666666666666668,Low Risk,Continue regular academic monitoring and maintain student engagement.
Enrolled,Dropout,0.68,68.0,High Risk,"Immediate academic counseling, faculty mentoring and financial/support assessment."
Graduate,Graduate,0.013333333333333334,1.3333333333333335,Low Risk,Continue regular academic monitoring and maintain student engagement.
Enrolled,Enrolled,0.33666666666666667,33.666666666666664,Moderate Risk,"Provide academic mentoring, attendance monitoring and personalized guidance."
Graduate,Graduate,0.25,25.0,Low Risk,Continue regular academic monitoring and maintain student engagement.
Enrolled,Graduate,0.13,13.0,Low Risk,Continue regular academic monitoring and maintain student engagement.
Dropout,Dropout,0.85,85.0,High Risk,"Immediate academic counseling, faculty mentoring and financial/support assessment."
Enrolled,Enrolled,0.35333333333333333,35.333333333333336,Moderate Risk,"Provide academic mentoring, attendance monitoring and personalized guidance."
Graduate,Graduate,0.27666666666666667,27.666666666666668,Low Risk,Continue regular academic monitoring and maintain student engagement.
Enrolled,Graduate,0.05,5.0,Low Risk,Continue regular academic monitoring and maintain student engagement.
Graduate,Graduate,0.17,17.0,Low Risk,Continue regular academic monitoring and maintain student engagement.
Dropout,Dropout,0.99,99.0,High Risk,"Immediate academic counseling, faculty mentoring and financial/support assessment."
Graduate,Graduate,0.17333333333333334,17.333333333333336,Low Risk,Continue regular academic monitoring and maintain student engagement.
Graduate,Graduate,0.03333333333333333,3.3333333333333335,Low Risk,Continue regular academic monitoring and maintain student engagement.
Dropout,Graduate,0.20333333333333334,20.333333333333332,Low Risk,Continue regular academic monitoring and maintain student engagement.
Graduate,Graduate,0.016666666666666666,1.6666666666666667,Low Risk,Continue regular academic monitoring and maintain student engagement.
Graduate,Graduate,0.05333333333333334,5.333333333333334,Low Risk,Continue regular academic monitoring and maintain student engagement.
Dropout,Dropout,0.9433333333333334,94.33333333333334,High Risk,"Immediate academic counseling, faculty mentoring and financial/support assessment."
Graduate,Graduate,0.08666666666666667,8.666666666666668,Low Risk,Continue regular academic monitoring and maintain student engagement.
Graduate,Dropout,0.44,44.0,Moderate Risk,"Provide academic mentoring, attendance monitoring and personalized guidance."
Enrolled,Graduate,0.23666666666666666,23.666666666666668,Low Risk,Continue regular academic monitoring and maintain student engagement.
Graduate,Graduate,0.22333333333333333,22.333333333333332,Low Risk,Continue regular academic monitoring and maintain student engagement.
Enrolled,Enrolled,0.16333333333333333,16.333333333333332,Low Risk,Continue regular academic monitoring and maintain student engagement.
Enrolled,Dropout,0.5733333333333334,57.333333333333336,Moderate Risk,"Provide academic mentoring, attendance monitoring and personalized guidance."
Dropout,Dropout,0.91,91.0,High Risk,"Immediate academic counseling, faculty mentoring and financial/support assessment."
Dropout,Dropout,0.6233333333333333,62.33333333333333,High Risk,"Immediate academic counseling, faculty mentoring and financial/support assessment."
Graduate,Graduate,0.05,5.0,Low Risk,Continue regular academic monitoring and maintain student engagement.
Graduate,Graduate,0.03,3.0,Low Risk,Continue regular academic monitoring and maintain student engagement.
Graduate,Enrolled,0.26666666666666666,26.666666666666668,Low Risk,Continue regular academic monitoring and maintain student engagement.
Dropout,Dropout,0.5833333333333334,58.333333333333336,Moderate Risk,"Provide academic mentoring, attendance monitoring and personalized guidance."
Enrolled,Dropout,0.44333333333333336,44.333333333333336,Moderate Risk,"Provide academic mentoring, attendance monitoring and personalized guidance."
Graduate,Graduate,0.03333333333333333,3.3333333333333335,Low Risk,Continue regular academic monitoring and maintain student engagement.
Graduate,Graduate,0.15,15.0,Low Risk,Continue regular academic monitoring and maintain student engagement.
Dropout,Dropout,0.5066666666666667,50.66666666666667,Moderate Risk,"Provide academic mentoring, attendance monitoring and personalized guidance."
Graduate,Graduate,0.043333333333333335,4.333333333333334,Low Risk,Continue regular academic monitoring and maintain student engagement.
Graduate,Graduate,0.02,2.0,Low Risk,Continue regular academic monitoring and maintain student engagement.
Graduate,Graduate,0.0033333333333333335,0.33333333333333337,Low Risk,Continue regular academic monitoring and maintain student engagement.
Graduate,Graduate,0.01,1.0,Low Risk,Continue regular academic monitoring and maintain student engagement.
Graduate,Graduate,0.13333333333333333,13.333333333333334,Low Risk,Continue regular academic monitoring and maintain student engagement.
Graduate,Graduate,0.14666666666666667,14.666666666666666,Low Risk,Continue regular academic monitoring and maintain student engagement.
Graduate,Graduate,0.043333333333333335,4.333333333333334,Low Risk,Continue regular academic monitoring and maintain student engagement.
Dropout,Dropout,0.8766666666666667,87.66666666666667,High Risk,"Immediate academic counseling, faculty mentoring and financial/support assessment."
Dropout,Dropout,0.69,69.0,High Risk,"Immediate academic counseling, faculty mentoring and financial/support assessment."
Graduate,Graduate,0.12,12.0,Low Risk,Continue regular academic monitoring and maintain student engagement.
Dropout,Graduate,0.07666666666666666,7.666666666666666,Low Risk,Continue regular academic monitoring and maintain student engagement.
Graduate,Graduate,0.07,7.000000000000001,Low Risk,Continue regular academic monitoring and maintain student engagement.
Dropout,Dropout,0.5866666666666667,58.666666666666664,Moderate Risk,"Provide academic mentoring, attendance monitoring and personalized guidance."
Graduate,Graduate,0.11666666666666667,11.666666666666666,Low Risk,Continue regular academic monitoring and maintain student engagement.
Graduate,Graduate,0.043333333333333335,4.333333333333334,Low Risk,Continue regular academic monitoring and maintain student engagement.
Graduate,Graduate,0.03,3.0,Low Risk,Continue regular academic monitoring and maintain student engagement.
Dropout,Dropout,0.7566666666666667,75.66666666666667,High Risk,"Immediate academic counseling, faculty mentoring and financial/support assessment."
Enrolled,Enrolled,0.46,46.0,Moderate Risk,"Provide academic mentoring, attendance monitoring and personalized guidance."
Enrolled,Graduate,0.19333333333333333,19.333333333333332,Low Risk,Continue regular academic monitoring and maintain student engagement.
Enrolled,Graduate,0.09,9.0,Low Risk,Continue regular academic monitoring and maintain student engagement.
Enrolled,Graduate,0.043333333333333335,4.333333333333334,Low Risk,Continue regular academic monitoring and maintain student engagement.
Graduate,Graduate,0.18333333333333332,18.333333333333332,Low Risk,Continue regular academic monitoring and maintain student engagement.
Graduate,Graduate,0.05333333333333334,5.333333333333334,Low Risk,Continue regular academic monitoring and maintain student engagement.
Dropout,Enrolled,0.43333333333333335,43.333333333333336,Moderate Risk,"Provide academic mentoring, attendance monitoring and personalized guidance."
Graduate,Graduate,0.13666666666666666,13.666666666666666,Low Risk,Continue regular academic monitoring and maintain student engagement.
Enrolled,Graduate,0.08,8.0,Low Risk,Continue regular academic monitoring and maintain student engagement.
Graduate,Graduate,0.08,8.0,Low Risk,Continue regular academic monitoring and maintain student engagement.
Dropout,Dropout,0.5133333333333333,51.33333333333333,Moderate Risk,"Provide academic mentoring, attendance monitoring and personalized guidance."
Dropout,Dropout,0.5033333333333333,50.33333333333333,Moderate Risk,"Provide academic mentoring, attendance monitoring and personalized guidance."
Dropout,Dropout,0.53,53.0,Moderate Risk,"Provide academic mentoring, attendance monitoring and personalized guidance."
Dropout,Graduate,0.21666666666666667,21.666666666666668,Low Risk,Continue regular academic monitoring and maintain student engagement.
Dropout,Dropout,0.63,63.0,High Risk,"Immediate academic counseling, faculty mentoring and financial/support assessment."
Enrolled,Dropout,0.6066666666666667,60.66666666666667,High Risk,"Immediate academic counseling, faculty mentoring and financial/support assessment."
Enrolled,Dropout,0.6,60.0,High Risk,"Immediate academic counseling, faculty mentoring and financial/support assessment."
Dropout,Dropout,0.72,72.0,High Risk,"Immediate academic counseling, faculty mentoring and financial/support assessment."
Dropout,Dropout,0.9733333333333334,97.33333333333334,High Risk,"Immediate academic counseling, faculty mentoring and financial/support assessment."
Enrolled,Enrolled,0.24,24.0,Low Risk,Continue regular academic monitoring and maintain student engagement.
Graduate,Graduate,0.09333333333333334,9.333333333333334,Low Risk,Continue regular academic monitoring and maintain student engagement.
Dropout,Dropout,0.9466666666666667,94.66666666666667,High Risk,"Immediate academic counseling, faculty mentoring and financial/support assessment."
Graduate,Graduate,0.04,4.0,Low Risk,Continue regular academic monitoring and maintain student engagement.
Graduate,Graduate,0.06,6.0,Low Risk,Continue regular academic monitoring and maintain student engagement.
Enrolled,Enrolled,0.26666666666666666,26.666666666666668,Low Risk,Continue regular academic monitoring and maintain student engagement.
Enrolled,Enrolled,0.3433333333333333,34.333333333333336,Moderate Risk,"Provide academic mentoring, attendance monitoring and personalized guidance."
Enrolled,Graduate,0.18333333333333332,18.333333333333332,Low Risk,Continue regular academic monitoring and maintain student engagement.
Dropout,Dropout,0.9933333333333333,99.33333333333333,High Risk,"Immediate academic counseling, faculty mentoring and financial/support assessment."
Graduate,Graduate,0.03666666666666667,3.6666666666666665,Low Risk,Continue regular academic monitoring and maintain student engagement.
Dropout,Dropout,0.5833333333333334,58.333333333333336,Moderate Risk,"Provide academic mentoring, attendance monitoring and personalized guidance."
Graduate,Graduate,0.05,5.0,Low Risk,Continue regular academic monitoring and maintain student engagement.
Dropout,Dropout,0.82,82.0,High Risk,"Immediate academic counseling, faculty mentoring and financial/support assessment."
Dropout,Dropout,0.6,60.0,High Risk,"Immediate academic counseling, faculty mentoring and financial/support assessment."
Graduate,Graduate,0.15666666666666668,15.666666666666668,Low Risk,Continue regular academic monitoring and maintain student engagement.
Graduate,Graduate,0.02666666666666667,2.666666666666667,Low Risk,Continue regular academic monitoring and maintain student engagement.
Dropout,Dropout,0.5633333333333334,56.333333333333336,Moderate Risk,"Provide academic mentoring, attendance monitoring and personalized guidance."
Graduate,Graduate,0.18,18.0,Low Risk,Continue regular academic monitoring and maintain student engagement.
Enrolled,Enrolled,0.3466666666666667,34.66666666666667,Moderate Risk,"Provide academic mentoring, attendance monitoring and personalized guidance."
Dropout,Dropout,0.9766666666666667,97.66666666666667,High Risk,"Immediate academic counseling, faculty mentoring and financial/support assessment."
Dropout,Dropout,0.8433333333333334,84.33333333333334,High Risk,"Immediate academic counseling, faculty mentoring and financial/support assessment."
Dropout,Dropout,0.9866666666666667,98.66666666666667,High Risk,"Immediate academic counseling, faculty mentoring and financial/support assessment."
Graduate,Graduate,0.17333333333333334,17.333333333333336,Low Risk,Continue regular academic monitoring and maintain student engagement.
Enrolled,Enrolled,0.29,28.999999999999996,Low Risk,Continue regular academic monitoring and maintain student engagement.
Graduate,Graduate,0.01,1.0,Low Risk,Continue regular academic monitoring and maintain student engagement.
Graduate,Graduate,0.03333333333333333,3.3333333333333335,Low Risk,Continue regular academic monitoring and maintain student engagement.
Graduate,Graduate,0.04666666666666667,4.666666666666667,Low Risk,Continue regular academic monitoring and maintain student engagement.
Dropout,Enrolled,0.26,26.0,Low Risk,Continue regular academic monitoring and maintain student engagement.
Graduate,Graduate,0.12666666666666668,12.666666666666668,Low Risk,Continue regular academic monitoring and maintain student engagement.
Enrolled,Graduate,0.18,18.0,Low Risk,Continue regular academic monitoring and maintain student engagement.
Graduate,Graduate,0.08666666666666667,8.666666666666668,Low Risk,Continue regular academic monitoring and maintain student engagement.
Dropout,Dropout,0.4666666666666667,46.666666666666664,Moderate Risk,"Provide academic mentoring, attendance monitoring and personalized guidance."
Graduate,Graduate,0.023333333333333334,2.3333333333333335,Low Risk,Continue regular academic monitoring and maintain student engagement.
Graduate,Graduate,0.11666666666666667,11.666666666666666,Low Risk,Continue regular academic monitoring and maintain student engagement.
Enrolled,Dropout,0.55,55.00000000000001,Moderate Risk,"Provide academic mentoring, attendance monitoring and personalized guidance."
Graduate,Graduate,0.07,7.000000000000001,Low Risk,Continue regular academic monitoring and maintain student engagement.
Graduate,Graduate,0.02666666666666667,2.666666666666667,Low Risk,Continue regular academic monitoring and maintain student engagement.
Dropout,Dropout,0.5133333333333333,51.33333333333333,Moderate Risk,"Provide academic mentoring, attendance monitoring and personalized guidance."
Graduate,Graduate,0.37,37.0,Moderate Risk,"Provide academic mentoring, attendance monitoring and personalized guidance."
Enrolled,Graduate,0.31,31.0,Moderate Risk,"Provide academic mentoring, attendance monitoring and personalized guidance."
Graduate,Graduate,0.17666666666666667,17.666666666666668,Low Risk,Continue regular academic monitoring and maintain student engagement.
Graduate,Graduate,0.016666666666666666,1.6666666666666667,Low Risk,Continue regular academic monitoring and maintain student engagement.
Dropout,Dropout,0.9666666666666667,96.66666666666667,High Risk,"Immediate academic counseling, faculty mentoring and financial/support assessment."
Graduate,Enrolled,0.23333333333333334,23.333333333333332,Low Risk,Continue regular academic monitoring and maintain student engagement.
Graduate,Graduate,0.016666666666666666,1.6666666666666667,Low Risk,Continue regular academic monitoring and maintain student engagement.
Dropout,Dropout,0.37,37.0,Moderate Risk,"Provide academic mentoring, attendance monitoring and personalized guidance."
Dropout,Enrolled,0.2633333333333333,26.333333333333332,Low Risk,Continue regular academic monitoring and maintain student engagement.
Enrolled,Enrolled,0.27666666666666667,27.666666666666668,Low Risk,Continue regular academic monitoring and maintain student engagement.
Graduate,Graduate,0.016666666666666666,1.6666666666666667,Low Risk,Continue regular academic monitoring and maintain student engagement.
Dropout,Dropout,0.47,47.0,Moderate Risk,"Provide academic mentoring, attendance monitoring and personalized guidance."
Enrolled,Enrolled,0.32666666666666666,32.666666666666664,Moderate Risk,"Provide academic mentoring, attendance monitoring and personalized guidance."
Graduate,Graduate,0.15,15.0,Low Risk,Continue regular academic monitoring and maintain student engagement.
Graduate,Graduate,0.03333333333333333,3.3333333333333335,Low Risk,Continue regular academic monitoring and maintain student engagement.
Dropout,Dropout,0.91,91.0,High Risk,"Immediate academic counseling, faculty mentoring and financial/support assessment."
Graduate,Graduate,0.08666666666666667,8.666666666666668,Low Risk,Continue regular academic monitoring and maintain student engagement.
Dropout,Graduate,0.21333333333333335,21.333333333333336,Low Risk,Continue regular academic monitoring and maintain student engagement.
Dropout,Enrolled,0.43333333333333335,43.333333333333336,Moderate Risk,"Provide academic mentoring, attendance monitoring and personalized guidance."
Graduate,Graduate,0.05333333333333334,5.333333333333334,Low Risk,Continue regular academic monitoring and maintain student engagement.
Graduate,Graduate,0.056666666666666664,5.666666666666666,Low Risk,Continue regular academic monitoring and maintain student engagement.
Dropout,Dropout,0.5,50.0,Moderate Risk,"Provide academic mentoring, attendance monitoring and personalized guidance."
Graduate,Graduate,0.0033333333333333335,0.33333333333333337,Low Risk,Continue regular academic monitoring and maintain student engagement.
Graduate,Graduate,0.10333333333333333,10.333333333333334,Low Risk,Continue regular academic monitoring and maintain student engagement.
Graduate,Graduate,0.05,5.0,Low Risk,Continue regular academic monitoring and maintain student engagement.
Graduate,Graduate,0.21,21.0,Low Risk,Continue regular academic monitoring and maintain student engagement.
Dropout,Dropout,0.88,88.0,High Risk,"Immediate academic counseling, faculty mentoring and financial/support assessment."
Graduate,Graduate,0.16333333333333333,16.333333333333332,Low Risk,Continue regular academic monitoring and maintain student engagement.
Dropout,Dropout,0.5866666666666667,58.666666666666664,Moderate Risk,"Provide academic mentoring, attendance monitoring and personalized guidance."
Graduate,Graduate,0.11333333333333333,11.333333333333332,Low Risk,Continue regular academic monitoring and maintain student engagement.
Graduate,Graduate,0.21,21.0,Low Risk,Continue regular academic monitoring and maintain student engagement.
Enrolled,Graduate,0.12666666666666668,12.666666666666668,Low Risk,Continue regular academic monitoring and maintain student engagement.
Enrolled,Graduate,0.29333333333333333,29.333333333333332,Low Risk,Continue regular academic monitoring and maintain student engagement.
Dropout,Dropout,0.9133333333333333,91.33333333333333,High Risk,"Immediate academic counseling, faculty mentoring and financial/support assessment."
Graduate,Graduate,0.016666666666666666,1.6666666666666667,Low Risk,Continue regular academic monitoring and maintain student engagement.
Graduate,Graduate,0.0,0.0,Low Risk,Continue regular academic monitoring and maintain student engagement.
Graduate,Graduate,0.05,5.0,Low Risk,Continue regular academic monitoring and maintain student engagement.
Dropout,Dropout,0.8533333333333334,85.33333333333334,High Risk,"Immediate academic counseling, faculty mentoring and financial/support assessment."
Graduate,Graduate,0.056666666666666664,5.666666666666666,Low Risk,Continue regular academic monitoring and maintain student engagement.
Graduate,Graduate,0.07333333333333333,7.333333333333333,Low Risk,Continue regular academic monitoring and maintain student engagement.
Graduate,Graduate,0.04,4.0,Low Risk,Continue regular academic monitoring and maintain student engagement.
Dropout,Enrolled,0.3466666666666667,34.66666666666667,Moderate Risk,"Provide academic mentoring, attendance monitoring and personalized guidance."
Graduate,Graduate,0.04,4.0,Low Risk,Continue regular academic monitoring and maintain student engagement.
Dropout,Enrolled,0.37333333333333335,37.333333333333336,Moderate Risk,"Provide academic mentoring, attendance monitoring and personalized guidance."
Dropout,Dropout,0.9333333333333333,93.33333333333333,High Risk,"Immediate academic counseling, faculty mentoring and financial/support assessment."
Graduate,Graduate,0.13333333333333333,13.333333333333334,Low Risk,Continue regular academic monitoring and maintain student engagement.
Graduate,Graduate,0.12,12.0,Low Risk,Continue regular academic monitoring and maintain student engagement.
Dropout,Dropout,0.49666666666666665,49.666666666666664,Moderate Risk,"Provide academic mentoring, attendance monitoring and personalized guidance."
Graduate,Graduate,0.03,3.0,Low Risk,Continue regular academic monitoring and maintain student engagement.
Dropout,Dropout,0.87,87.0,High Risk,"Immediate academic counseling, faculty mentoring and financial/support assessment."
Dropout,Dropout,0.9766666666666667,97.66666666666667,High Risk,"Immediate academic counseling, faculty mentoring and financial/support assessment."
Dropout,Dropout,0.67,67.0,High Risk,"Immediate academic counseling, faculty mentoring and financial/support assessment."
Graduate,Dropout,0.49,49.0,Moderate Risk,"Provide academic mentoring, attendance monitoring and personalized guidance."
Graduate,Graduate,0.006666666666666667,0.6666666666666667,Low Risk,Continue regular academic monitoring and maintain student engagement.
Dropout,Dropout,0.51,51.0,Moderate Risk,"Provide academic mentoring, attendance monitoring and personalized guidance."
Graduate,Graduate,0.06333333333333334,6.333333333333334,Low Risk,Continue regular academic monitoring and maintain student engagement.
Graduate,Graduate,0.02666666666666667,2.666666666666667,Low Risk,Continue regular academic monitoring and maintain student engagement.
Graduate,Graduate,0.13666666666666666,13.666666666666666,Low Risk,Continue regular academic monitoring and maintain student engagement.
Enrolled,Dropout,0.48333333333333334,48.333333333333336,Moderate Risk,"Provide academic mentoring, attendance monitoring and personalized guidance."
Enrolled,Dropout,0.8366666666666667,83.66666666666667,High Risk,"Immediate academic counseling, faculty mentoring and financial/support assessment."
Graduate,Graduate,0.006666666666666667,0.6666666666666667,Low Risk,Continue regular academic monitoring and maintain student engagement.
Graduate,Graduate,0.03666666666666667,3.6666666666666665,Low Risk,Continue regular academic monitoring and maintain student engagement.
Enrolled,Graduate,0.023333333333333334,2.3333333333333335,Low Risk,Continue regular academic monitoring and maintain student engagement.
Graduate,Graduate,0.023333333333333334,2.3333333333333335,Low Risk,Continue regular academic monitoring and maintain student engagement.
Dropout,Graduate,0.03333333333333333,3.3333333333333335,Low Risk,Continue regular academic monitoring and maintain student engagement.
Graduate,Graduate,0.08666666666666667,8.666666666666668,Low Risk,Continue regular academic monitoring and maintain student engagement.
Enrolled,Enrolled,0.33,33.0,Moderate Risk,"Provide academic mentoring, attendance monitoring and personalized guidance."
Dropout,Graduate,0.10333333333333333,10.333333333333334,Low Risk,Continue regular academic monitoring and maintain student engagement.
Graduate,Graduate,0.09,9.0,Low Risk,Continue regular academic monitoring and maintain student engagement.
Graduate,Graduate,0.36666666666666664,36.666666666666664,Moderate Risk,"Provide academic mentoring, attendance monitoring and personalized guidance."
Enrolled,Graduate,0.03,3.0,Low Risk,Continue regular academic monitoring and maintain student engagement.
Enrolled,Graduate,0.17333333333333334,17.333333333333336,Low Risk,Continue regular academic monitoring and maintain student engagement.
Dropout,Enrolled,0.32,32.0,Moderate Risk,"Provide academic mentoring, attendance monitoring and personalized guidance."
Graduate,Graduate,0.06,6.0,Low Risk,Continue regular academic monitoring and maintain student engagement.
Graduate,Graduate,0.043333333333333335,4.333333333333334,Low Risk,Continue regular academic monitoring and maintain student engagement.
Enrolled,Dropout,0.6166666666666667,61.66666666666667,High Risk,"Immediate academic counseling, faculty mentoring and financial/support assessment."
Dropout,Graduate,0.18,18.0,Low Risk,Continue regular academic monitoring and maintain student engagement.
Graduate,Graduate,0.12666666666666668,12.666666666666668,Low Risk,Continue regular academic monitoring and maintain student engagement.
Dropout,Dropout,0.7133333333333334,71.33333333333334,High Risk,"Immediate academic counseling, faculty mentoring and financial/support assessment."
Enrolled,Enrolled,0.04666666666666667,4.666666666666667,Low Risk,Continue regular academic monitoring and maintain student engagement.
Dropout,Dropout,0.5566666666666666,55.666666666666664,Moderate Risk,"Provide academic mentoring, attendance monitoring and personalized guidance."
Graduate,Graduate,0.1,10.0,Low Risk,Continue regular academic monitoring and maintain student engagement.
Dropout,Dropout,0.6133333333333333,61.33333333333333,High Risk,"Immediate academic counseling, faculty mentoring and financial/support assessment."
Dropout,Dropout,0.83,83.0,High Risk,"Immediate academic counseling, faculty mentoring and financial/support assessment."
Graduate,Graduate,0.15333333333333332,15.333333333333332,Low Risk,Continue regular academic monitoring and maintain student engagement.
Dropout,Dropout,0.54,54.0,Moderate Risk,"Provide academic mentoring, attendance monitoring and personalized guidance."
Dropout,Dropout,0.56,56.00000000000001,Moderate Risk,"Provide academic mentoring, attendance monitoring and personalized guidance."
Graduate,Graduate,0.006666666666666667,0.6666666666666667,Low Risk,Continue regular academic monitoring and maintain student engagement.
Graduate,Graduate,0.09333333333333334,9.333333333333334,Low Risk,Continue regular academic monitoring and maintain student engagement.
Enrolled,Dropout,0.55,55.00000000000001,Moderate Risk,"Provide academic mentoring, attendance monitoring and personalized guidance."
Dropout,Graduate,0.07333333333333333,7.333333333333333,Low Risk,Continue regular academic monitoring and maintain student engagement.
Dropout,Dropout,0.7266666666666667,72.66666666666667,High Risk,"Immediate academic counseling, faculty mentoring and financial/support assessment."
Graduate,Enrolled,0.29333333333333333,29.333333333333332,Low Risk,Continue regular academic monitoring and maintain student engagement.
Dropout,Dropout,0.36666666666666664,36.666666666666664,Moderate Risk,"Provide academic mentoring, attendance monitoring and personalized guidance."
Enrolled,Graduate,0.03333333333333333,3.3333333333333335,Low Risk,Continue regular academic monitoring and maintain student engagement.
Dropout,Graduate,0.15333333333333332,15.333333333333332,Low Risk,Continue regular academic monitoring and maintain student engagement.
Dropout,Dropout,0.93,93.0,High Risk,"Immediate academic counseling, faculty mentoring and financial/support assessment."
Graduate,Graduate,0.056666666666666664,5.666666666666666,Low Risk,Continue regular academic monitoring and maintain student engagement.
Graduate,Graduate,0.17333333333333334,17.333333333333336,Low Risk,Continue regular academic monitoring and maintain student engagement.
Graduate,Graduate,0.043333333333333335,4.333333333333334,Low Risk,Continue regular academic monitoring and maintain student engagement.
Enrolled,Graduate,0.23333333333333334,23.333333333333332,Low Risk,Continue regular academic monitoring and maintain student engagement.
Graduate,Graduate,0.18666666666666668,18.666666666666668,Low Risk,Continue regular academic monitoring and maintain student engagement.
Enrolled,Graduate,0.11333333333333333,11.333333333333332,Low Risk,Continue regular academic monitoring and maintain student engagement.
Graduate,Graduate,0.01,1.0,Low Risk,Continue regular academic monitoring and maintain student engagement.
Graduate,Graduate,0.03,3.0,Low Risk,Continue regular academic monitoring and maintain student engagement.
Graduate,Graduate,0.03333333333333333,3.3333333333333335,Low Risk,Continue regular academic monitoring and maintain student engagement.
Graduate,Graduate,0.09333333333333334,9.333333333333334,Low Risk,Continue regular academic monitoring and maintain student engagement.
Graduate,Enrolled,0.11666666666666667,11.666666666666666,Low Risk,Continue regular academic monitoring and maintain student engagement.
Graduate,Graduate,0.02666666666666667,2.666666666666667,Low Risk,Continue regular academic monitoring and maintain student engagement.
Graduate,Graduate,0.23,23.0,Low Risk,Continue regular academic monitoring and maintain student engagement.
Graduate,Graduate,0.04666666666666667,4.666666666666667,Low Risk,Continue regular academic monitoring and maintain student engagement.
Dropout,Dropout,0.9666666666666667,96.66666666666667,High Risk,"Immediate academic counseling, faculty mentoring and financial/support assessment."
Graduate,Graduate,0.19333333333333333,19.333333333333332,Low Risk,Continue regular academic monitoring and maintain student engagement.
Graduate,Graduate,0.11666666666666667,11.666666666666666,Low Risk,Continue regular academic monitoring and maintain student engagement.
Graduate,Graduate,0.016666666666666666,1.6666666666666667,Low Risk,Continue regular academic monitoring and maintain student engagement.
Graduate,Graduate,0.07333333333333333,7.333333333333333,Low Risk,Continue regular academic monitoring and maintain student engagement.
Graduate,Graduate,0.04666666666666667,4.666666666666667,Low Risk,Continue regular academic monitoring and maintain student engagement.
Enrolled,Enrolled,0.21333333333333335,21.333333333333336,Low Risk,Continue regular academic monitoring and maintain student engagement.
Graduate,Graduate,0.08,8.0,Low Risk,Continue regular academic monitoring and maintain student engagement.
Dropout,Dropout,0.99,99.0,High Risk,"Immediate academic counseling, faculty mentoring and financial/support assessment."
Graduate,Graduate,0.05333333333333334,5.333333333333334,Low Risk,Continue regular academic monitoring and maintain student engagement.
Enrolled,Dropout,0.6,60.0,High Risk,"Immediate academic counseling, faculty mentoring and financial/support assessment."
Enrolled,Graduate,0.17666666666666667,17.666666666666668,Low Risk,Continue regular academic monitoring and maintain student engagement.
Dropout,Graduate,0.12333333333333334,12.333333333333334,Low Risk,Continue regular academic monitoring and maintain student engagement.
Graduate,Graduate,0.08666666666666667,8.666666666666668,Low Risk,Continue regular academic monitoring and maintain student engagement.
Dropout,Dropout,0.6966666666666667,69.66666666666667,High Risk,"Immediate academic counseling, faculty mentoring and financial/support assessment."
Graduate,Graduate,0.11666666666666667,11.666666666666666,Low Risk,Continue regular academic monitoring and maintain student engagement.
Graduate,Graduate,0.02666666666666667,2.666666666666667,Low Risk,Continue regular academic monitoring and maintain student engagement.
Dropout,Dropout,0.9,90.0,High Risk,"Immediate academic counseling, faculty mentoring and financial/support assessment."
Graduate,Graduate,0.21666666666666667,21.666666666666668,Low Risk,Continue regular academic monitoring and maintain student engagement.
Dropout,Graduate,0.3,30.0,Moderate Risk,"Provide academic mentoring, attendance monitoring and personalized guidance."
Graduate,Graduate,0.09333333333333334,9.333333333333334,Low Risk,Continue regular academic monitoring and maintain student engagement.
Graduate,Graduate,0.10666666666666667,10.666666666666668,Low Risk,Continue regular academic monitoring and maintain student engagement.
Graduate,Graduate,0.03666666666666667,3.6666666666666665,Low Risk,Continue regular academic monitoring and maintain student engagement.
Graduate,Graduate,0.1,10.0,Low Risk,Continue regular academic monitoring and maintain student engagement.
Enrolled,Graduate,0.07666666666666666,7.666666666666666,Low Risk,Continue regular academic monitoring and maintain student engagement.
Graduate,Graduate,0.12666666666666668,12.666666666666668,Low Risk,Continue regular academic monitoring and maintain student engagement.
Dropout,Dropout,0.9,90.0,High Risk,"Immediate academic counseling, faculty mentoring and financial/support assessment."
Dropout,Dropout,0.6066666666666667,60.66666666666667,High Risk,"Immediate academic counseling, faculty mentoring and financial/support assessment."
Enrolled,Enrolled,0.4166666666666667,41.66666666666667,Moderate Risk,"Provide academic mentoring, attendance monitoring and personalized guidance."
Graduate,Graduate,0.16333333333333333,16.333333333333332,Low Risk,Continue regular academic monitoring and maintain student engagement.
Dropout,Dropout,0.7866666666666666,78.66666666666666,High Risk,"Immediate academic counseling, faculty mentoring and financial/support assessment."
Graduate,Graduate,0.08333333333333333,8.333333333333332,Low Risk,Continue regular academic monitoring and maintain student engagement.
Graduate,Graduate,0.10333333333333333,10.333333333333334,Low Risk,Continue regular academic monitoring and maintain student engagement.
Dropout,Dropout,0.9433333333333334,94.33333333333334,High Risk,"Immediate academic counseling, faculty mentoring and financial/support assessment."
Graduate,Graduate,0.043333333333333335,4.333333333333334,Low Risk,Continue regular academic monitoring and maintain student engagement.
Graduate,Graduate,0.03666666666666667,3.6666666666666665,Low Risk,Continue regular academic monitoring and maintain student engagement.
Dropout,Dropout,0.99,99.0,High Risk,"Immediate academic counseling, faculty mentoring and financial/support assessment."
Graduate,Graduate,0.17,17.0,Low Risk,Continue regular academic monitoring and maintain student engagement.
Enrolled,Graduate,0.03,3.0,Low Risk,Continue regular academic monitoring and maintain student engagement.
Graduate,Enrolled,0.17666666666666667,17.666666666666668,Low Risk,Continue regular academic monitoring and maintain student engagement.
Dropout,Dropout,0.9466666666666667,94.66666666666667,High Risk,"Immediate academic counseling, faculty mentoring and financial/support assessment."
Enrolled,Graduate,0.10666666666666667,10.666666666666668,Low Risk,Continue regular academic monitoring and maintain student engagement.
Dropout,Dropout,0.5033333333333333,50.33333333333333,Moderate Risk,"Provide academic mentoring, attendance monitoring and personalized guidance."
Dropout,Graduate,0.31666666666666665,31.666666666666664,Moderate Risk,"Provide academic mentoring, attendance monitoring and personalized guidance."
Graduate,Graduate,0.06666666666666667,6.666666666666667,Low Risk,Continue regular academic monitoring and maintain student engagement.
Graduate,Graduate,0.18666666666666668,18.666666666666668,Low Risk,Continue regular academic monitoring and maintain student engagement.
Graduate,Graduate,0.13,13.0,Low Risk,Continue regular academic monitoring and maintain student engagement.
Enrolled,Enrolled,0.37333333333333335,37.333333333333336,Moderate Risk,"Provide academic mentoring, attendance monitoring and personalized guidance."
Enrolled,Enrolled,0.31666666666666665,31.666666666666664,Moderate Risk,"Provide academic mentoring, attendance monitoring and personalized guidance."
Graduate,Graduate,0.14666666666666667,14.666666666666666,Low Risk,Continue regular academic monitoring and maintain student engagement.
Dropout,Dropout,0.9933333333333333,99.33333333333333,High Risk,"Immediate academic counseling, faculty mentoring and financial/support assessment."
Enrolled,Graduate,0.05,5.0,Low Risk,Continue regular academic monitoring and maintain student engagement.
Dropout,Graduate,0.37333333333333335,37.333333333333336,Moderate Risk,"Provide academic mentoring, attendance monitoring and personalized guidance."
Graduate,Graduate,0.043333333333333335,4.333333333333334,Low Risk,Continue regular academic monitoring and maintain student engagement.
Dropout,Dropout,0.94,94.0,High Risk,"Immediate academic counseling, faculty mentoring and financial/support assessment."
Dropout,Dropout,0.6266666666666667,62.66666666666667,High Risk,"Immediate academic counseling, faculty mentoring and financial/support assessment."
Enrolled,Dropout,0.6766666666666666,67.66666666666666,High Risk,"Immediate academic counseling, faculty mentoring and financial/support assessment."
Dropout,Dropout,0.9666666666666667,96.66666666666667,High Risk,"Immediate academic counseling, faculty mentoring and financial/support assessment."
Dropout,Dropout,0.5266666666666666,52.666666666666664,Moderate Risk,"Provide academic mentoring, attendance monitoring and personalized guidance."
Graduate,Graduate,0.04666666666666667,4.666666666666667,Low Risk,Continue regular academic monitoring and maintain student engagement.
Graduate,Graduate,0.05333333333333334,5.333333333333334,Low Risk,Continue regular academic monitoring and maintain student engagement.
Graduate,Graduate,0.09,9.0,Low Risk,Continue regular academic monitoring and maintain student engagement.
Enrolled,Dropout,0.3566666666666667,35.66666666666667,Moderate Risk,"Provide academic mentoring, attendance monitoring and personalized guidance."
Dropout,Dropout,0.7833333333333333,78.33333333333333,High Risk,"Immediate academic counseling, faculty mentoring and financial/support assessment."
Graduate,Graduate,0.09666666666666666,9.666666666666666,Low Risk,Continue regular academic monitoring and maintain student engagement.
Graduate,Graduate,0.06666666666666667,6.666666666666667,Low Risk,Continue regular academic monitoring and maintain student engagement.
Enrolled,Dropout,0.9166666666666666,91.66666666666666,High Risk,"Immediate academic counseling, faculty mentoring and financial/support assessment."
Graduate,Graduate,0.02,2.0,Low Risk,Continue regular academic monitoring and maintain student engagement.
Dropout,Graduate,0.043333333333333335,4.333333333333334,Low Risk,Continue regular academic monitoring and maintain student engagement.
Graduate,Graduate,0.08666666666666667,8.666666666666668,Low Risk,Continue regular academic monitoring and maintain student engagement.
Graduate,Graduate,0.02,2.0,Low Risk,Continue regular academic monitoring and maintain student engagement.
Dropout,Dropout,0.9466666666666667,94.66666666666667,High Risk,"Immediate academic counseling, faculty mentoring and financial/support assessment."
Dropout,Dropout,0.5533333333333333,55.333333333333336,Moderate Risk,"Provide academic mentoring, attendance monitoring and personalized guidance."
Graduate,Graduate,0.23,23.0,Low Risk,Continue regular academic monitoring and maintain student engagement.
Graduate,Graduate,0.09,9.0,Low Risk,Continue regular academic monitoring and maintain student engagement.
Dropout,Dropout,0.81,81.0,High Risk,"Immediate academic counseling, faculty mentoring and financial/support assessment."
Graduate,Graduate,0.26,26.0,Low Risk,Continue regular academic monitoring and maintain student engagement.
Enrolled,Dropout,0.46,46.0,Moderate Risk,"Provide academic mentoring, attendance monitoring and personalized guidance."
Graduate,Graduate,0.19,19.0,Low Risk,Continue regular academic monitoring and maintain student engagement.
Graduate,Dropout,0.46,46.0,Moderate Risk,"Provide academic mentoring, attendance monitoring and personalized guidance."
Dropout,Dropout,0.62,62.0,High Risk,"Immediate academic counseling, faculty mentoring and financial/support assessment."
Dropout,Dropout,0.9733333333333334,97.33333333333334,High Risk,"Immediate academic counseling, faculty mentoring and financial/support assessment."
Dropout,Graduate,0.13,13.0,Low Risk,Continue regular academic monitoring and maintain student engagement.
Dropout,Enrolled,0.26666666666666666,26.666666666666668,Low Risk,Continue regular academic monitoring and maintain student engagement.
Graduate,Graduate,0.013333333333333334,1.3333333333333335,Low Risk,Continue regular academic monitoring and maintain student engagement.
Graduate,Graduate,0.03666666666666667,3.6666666666666665,Low Risk,Continue regular academic monitoring and maintain student engagement.
Graduate,Graduate,0.05333333333333334,5.333333333333334,Low Risk,Continue regular academic monitoring and maintain student engagement.
Graduate,Graduate,0.05,5.0,Low Risk,Continue regular academic monitoring and maintain student engagement.
Graduate,Graduate,0.08333333333333333,8.333333333333332,Low Risk,Continue regular academic monitoring and maintain student engagement.
Graduate,Graduate,0.05333333333333334,5.333333333333334,Low Risk,Continue regular academic monitoring and maintain student engagement.
Dropout,Enrolled,0.32666666666666666,32.666666666666664,Moderate Risk,"Provide academic mentoring, attendance monitoring and personalized guidance."
Graduate,Graduate,0.22666666666666666,22.666666666666664,Low Risk,Continue regular academic monitoring and maintain student engagement.
Enrolled,Graduate,0.20333333333333334,20.333333333333332,Low Risk,Continue regular academic monitoring and maintain student engagement.
Dropout,Graduate,0.14333333333333334,14.333333333333334,Low Risk,Continue regular academic monitoring and maintain student engagement.
Dropout,Dropout,0.9233333333333333,92.33333333333333,High Risk,"Immediate academic counseling, faculty mentoring and financial/support assessment."
Graduate,Graduate,0.06666666666666667,6.666666666666667,Low Risk,Continue regular academic monitoring and maintain student engagement.
Graduate,Graduate,0.14666666666666667,14.666666666666666,Low Risk,Continue regular academic monitoring and maintain student engagement.
Dropout,Dropout,0.9,90.0,High Risk,"Immediate academic counseling, faculty mentoring and financial/support assessment."
Graduate,Graduate,0.04666666666666667,4.666666666666667,Low Risk,Continue regular academic monitoring and maintain student engagement.
Graduate,Graduate,0.13,13.0,Low Risk,Continue regular academic monitoring and maintain student engagement.
Graduate,Graduate,0.08666666666666667,8.666666666666668,Low Risk,Continue regular academic monitoring and maintain student engagement.
Graduate,Graduate,0.03333333333333333,3.3333333333333335,Low Risk,Continue regular academic monitoring and maintain student engagement.
Dropout,Dropout,0.9533333333333334,95.33333333333334,High Risk,"Immediate academic counseling, faculty mentoring and financial/support assessment."
Dropout,Dropout,0.66,66.0,High Risk,"Immediate academic counseling, faculty mentoring and financial/support assessment."
Dropout,Dropout,0.79,79.0,High Risk,"Immediate academic counseling, faculty mentoring and financial/support assessment."
Graduate,Graduate,0.11,11.0,Low Risk,Continue regular academic monitoring and maintain student engagement.
Graduate,Graduate,0.02,2.0,Low Risk,Continue regular academic monitoring and maintain student engagement.
Dropout,Graduate,0.07666666666666666,7.666666666666666,Low Risk,Continue regular academic monitoring and maintain student engagement.
Graduate,Enrolled,0.26666666666666666,26.666666666666668,Low Risk,Continue regular academic monitoring and maintain student engagement.
Dropout,Dropout,0.98,98.0,High Risk,"Immediate academic counseling, faculty mentoring and financial/support assessment."
Enrolled,Enrolled,0.02,2.0,Low Risk,Continue regular academic monitoring and maintain student engagement.
Graduate,Graduate,0.04666666666666667,4.666666666666667,Low Risk,Continue regular academic monitoring and maintain student engagement.
Dropout,Graduate,0.12333333333333334,12.333333333333334,Low Risk,Continue regular academic monitoring and maintain student engagement.
Graduate,Graduate,0.09333333333333334,9.333333333333334,Low Risk,Continue regular academic monitoring and maintain student engagement.
Enrolled,Enrolled,0.08,8.0,Low Risk,Continue regular academic monitoring and maintain student engagement.
Dropout,Enrolled,0.48,48.0,Moderate Risk,"Provide academic mentoring, attendance monitoring and personalized guidance."
Graduate,Graduate,0.2966666666666667,29.666666666666668,Low Risk,Continue regular academic monitoring and maintain student engagement.
Dropout,Dropout,0.39666666666666667,39.666666666666664,Moderate Risk,"Provide academic mentoring, attendance monitoring and personalized guidance."
Enrolled,Graduate,0.05,5.0,Low Risk,Continue regular academic monitoring and maintain student engagement.
Dropout,Dropout,0.9933333333333333,99.33333333333333,High Risk,"Immediate academic counseling, faculty mentoring and financial/support assessment."
Graduate,Enrolled,0.23,23.0,Low Risk,Continue regular academic monitoring and maintain student engagement.
Graduate,Graduate,0.2733333333333333,27.333333333333332,Low Risk,Continue regular academic monitoring and maintain student engagement.
Dropout,Dropout,0.99,99.0,High Risk,"Immediate academic counseling, faculty mentoring and financial/support assessment."
Enrolled,Enrolled,0.19,19.0,Low Risk,Continue regular academic monitoring and maintain student engagement.
Dropout,Dropout,0.9666666666666667,96.66666666666667,High Risk,"Immediate academic counseling, faculty mentoring and financial/support assessment."
Dropout,Dropout,0.9933333333333333,99.33333333333333,High Risk,"Immediate academic counseling, faculty mentoring and financial/support assessment."
Graduate,Graduate,0.02666666666666667,2.666666666666667,Low Risk,Continue regular academic monitoring and maintain student engagement.
Dropout,Dropout,0.93,93.0,High Risk,"Immediate academic counseling, faculty mentoring and financial/support assessment."
Enrolled,Enrolled,0.36333333333333334,36.333333333333336,Moderate Risk,"Provide academic mentoring, attendance monitoring and personalized guidance."
Enrolled,Graduate,0.15333333333333332,15.333333333333332,Low Risk,Continue regular academic monitoring and maintain student engagement.
Graduate,Graduate,0.30666666666666664,30.666666666666664,Moderate Risk,"Provide academic mentoring, attendance monitoring and personalized guidance."
Graduate,Dropout,0.4266666666666667,42.66666666666667,Moderate Risk,"Provide academic mentoring, attendance monitoring and personalized guidance."
Graduate,Graduate,0.02666666666666667,2.666666666666667,Low Risk,Continue regular academic monitoring and maintain student engagement.
Graduate,Graduate,0.25,25.0,Low Risk,Continue regular academic monitoring and maintain student engagement.
Graduate,Graduate,0.13333333333333333,13.333333333333334,Low Risk,Continue regular academic monitoring and maintain student engagement.
Graduate,Graduate,0.14,14.000000000000002,Low Risk,Continue regular academic monitoring and maintain student engagement.
Graduate,Dropout,0.45,45.0,Moderate Risk,"Provide academic mentoring, attendance monitoring and personalized guidance."
Enrolled,Enrolled,0.25666666666666665,25.666666666666664,Low Risk,Continue regular academic monitoring and maintain student engagement.
Enrolled,Enrolled,0.30666666666666664,30.666666666666664,Moderate Risk,"Provide academic mentoring, attendance monitoring and personalized guidance."
Dropout,Dropout,0.6133333333333333,61.33333333333333,High Risk,"Immediate academic counseling, faculty mentoring and financial/support assessment."
Graduate,Graduate,0.03333333333333333,3.3333333333333335,Low Risk,Continue regular academic monitoring and maintain student engagement.
Graduate,Graduate,0.01,1.0,Low Risk,Continue regular academic monitoring and maintain student engagement.
Graduate,Graduate,0.06333333333333334,6.333333333333334,Low Risk,Continue regular academic monitoring and maintain student engagement.
Dropout,Dropout,0.8533333333333334,85.33333333333334,High Risk,"Immediate academic counseling, faculty mentoring and financial/support assessment."
Enrolled,Enrolled,0.43333333333333335,43.333333333333336,Moderate Risk,"Provide academic mentoring, attendance monitoring and personalized guidance."
Graduate,Graduate,0.02666666666666667,2.666666666666667,Low Risk,Continue regular academic monitoring and maintain student engagement.
Dropout,Dropout,0.9033333333333333,90.33333333333333,High Risk,"Immediate academic counseling, faculty mentoring and financial/support assessment."
Dropout,Dropout,0.91,91.0,High Risk,"Immediate academic counseling, faculty mentoring and financial/support assessment."
Enrolled,Graduate,0.11666666666666667,11.666666666666666,Low Risk,Continue regular academic monitoring and maintain student engagement.
Dropout,Dropout,0.5333333333333333,53.333333333333336,Moderate Risk,"Provide academic mentoring, attendance monitoring and personalized guidance."
Dropout,Dropout,0.8766666666666667,87.66666666666667,High Risk,"Immediate academic counseling, faculty mentoring and financial/support assessment."
Graduate,Graduate,0.05333333333333334,5.333333333333334,Low Risk,Continue regular academic monitoring and maintain student engagement.
Graduate,Graduate,0.07,7.000000000000001,Low Risk,Continue regular academic monitoring and maintain student engagement.
Graduate,Graduate,0.03666666666666667,3.6666666666666665,Low Risk,Continue regular academic monitoring and maintain student engagement.
Graduate,Graduate,0.13666666666666666,13.666666666666666,Low Risk,Continue regular academic monitoring and maintain student engagement.
Dropout,Dropout,0.95,95.0,High Risk,"Immediate academic counseling, faculty mentoring and financial/support assessment."
Dropout,Dropout,0.41333333333333333,41.333333333333336,Moderate Risk,"Provide academic mentoring, attendance monitoring and personalized guidance."
Graduate,Graduate,0.03,3.0,Low Risk,Continue regular academic monitoring and maintain student engagement.
Graduate,Graduate,0.09666666666666666,9.666666666666666,Low Risk,Continue regular academic monitoring and maintain student engagement.
Dropout,Dropout,0.9133333333333333,91.33333333333333,High Risk,"Immediate academic counseling, faculty mentoring and financial/support assessment."
Graduate,Graduate,0.04666666666666667,4.666666666666667,Low Risk,Continue regular academic monitoring and maintain student engagement.
Graduate,Graduate,0.11333333333333333,11.333333333333332,Low Risk,Continue regular academic monitoring and maintain student engagement.
Dropout,Graduate,0.2633333333333333,26.333333333333332,Low Risk,Continue regular academic monitoring and maintain student engagement.
Graduate,Graduate,0.08333333333333333,8.333333333333332,Low Risk,Continue regular academic monitoring and maintain student engagement.
Dropout,Dropout,0.9733333333333334,97.33333333333334,High Risk,"Immediate academic counseling, faculty mentoring and financial/support assessment."
Dropout,Graduate,0.12666666666666668,12.666666666666668,Low Risk,Continue regular academic monitoring and maintain student engagement.
Dropout,Dropout,0.9133333333333333,91.33333333333333,High Risk,"Immediate academic counseling, faculty mentoring and financial/support assessment."
Dropout,Dropout,0.9366666666666666,93.66666666666667,High Risk,"Immediate academic counseling, faculty mentoring and financial/support assessment."
Enrolled,Graduate,0.19,19.0,Low Risk,Continue regular academic monitoring and maintain student engagement.
Graduate,Graduate,0.0033333333333333335,0.33333333333333337,Low Risk,Continue regular academic monitoring and maintain student engagement.
Dropout,Dropout,0.7666666666666667,76.66666666666667,High Risk,"Immediate academic counseling, faculty mentoring and financial/support assessment."
Graduate,Graduate,0.023333333333333334,2.3333333333333335,Low Risk,Continue regular academic monitoring and maintain student engagement.
Graduate,Graduate,0.03333333333333333,3.3333333333333335,Low Risk,Continue regular academic monitoring and maintain student engagement.
Dropout,Dropout,0.8633333333333333,86.33333333333333,High Risk,"Immediate academic counseling, faculty mentoring and financial/support assessment."
Dropout,Dropout,0.94,94.0,High Risk,"Immediate academic counseling, faculty mentoring and financial/support assessment."
Enrolled,Enrolled,0.33,33.0,Moderate Risk,"Provide academic mentoring, attendance monitoring and personalized guidance."
Enrolled,Enrolled,0.2,20.0,Low Risk,Continue regular academic monitoring and maintain student engagement.
Enrolled,Enrolled,0.2866666666666667,28.666666666666668,Low Risk,Continue regular academic monitoring and maintain student engagement.
Dropout,Enrolled,0.14666666666666667,14.666666666666666,Low Risk,Continue regular academic monitoring and maintain student engagement.
Graduate,Graduate,0.02,2.0,Low Risk,Continue regular academic monitoring and maintain student engagement.
Graduate,Graduate,0.016666666666666666,1.6666666666666667,Low Risk,Continue regular academic monitoring and maintain student engagement.
Dropout,Dropout,0.93,93.0,High Risk,"Immediate academic counseling, faculty mentoring and financial/support assessment."
Dropout,Dropout,0.9033333333333333,90.33333333333333,High Risk,"Immediate academic counseling, faculty mentoring and financial/support assessment."
Graduate,Graduate,0.16,16.0,Low Risk,Continue regular academic monitoring and maintain student engagement.
Graduate,Graduate,0.03333333333333333,3.3333333333333335,Low Risk,Continue regular academic monitoring and maintain student engagement.
Graduate,Graduate,0.09333333333333334,9.333333333333334,Low Risk,Continue regular academic monitoring and maintain student engagement.
Dropout,Graduate,0.11333333333333333,11.333333333333332,Low Risk,Continue regular academic monitoring and maintain student engagement.
Graduate,Graduate,0.043333333333333335,4.333333333333334,Low Risk,Continue regular academic monitoring and maintain student engagement.
Enrolled,Dropout,0.3933333333333333,39.33333333333333,Moderate Risk,"Provide academic mentoring, attendance monitoring and personalized guidance."
Enrolled,Graduate,0.21333333333333335,21.333333333333336,Low Risk,Continue regular academic monitoring and maintain student engagement.
Graduate,Graduate,0.023333333333333334,2.3333333333333335,Low Risk,Continue regular academic monitoring and maintain student engagement.
Dropout,Dropout,0.4033333333333333,40.33333333333333,Moderate Risk,"Provide academic mentoring, attendance monitoring and personalized guidance."
Graduate,Graduate,0.043333333333333335,4.333333333333334,Low Risk,Continue regular academic monitoring and maintain student engagement.
Dropout,Dropout,0.87,87.0,High Risk,"Immediate academic counseling, faculty mentoring and financial/support assessment."
Graduate,Graduate,0.11666666666666667,11.666666666666666,Low Risk,Continue regular academic monitoring and maintain student engagement.
Dropout,Enrolled,0.06666666666666667,6.666666666666667,Low Risk,Continue regular academic monitoring and maintain student engagement.
Graduate,Graduate,0.10333333333333333,10.333333333333334,Low Risk,Continue regular academic monitoring and maintain student engagement.
Graduate,Graduate,0.14666666666666667,14.666666666666666,Low Risk,Continue regular academic monitoring and maintain student engagement.
Enrolled,Graduate,0.27666666666666667,27.666666666666668,Low Risk,Continue regular academic monitoring and maintain student engagement.
Graduate,Graduate,0.2966666666666667,29.666666666666668,Low Risk,Continue regular academic monitoring and maintain student engagement.
Graduate,Dropout,0.48,48.0,Moderate Risk,"Provide academic mentoring, attendance monitoring and personalized guidance."
Graduate,Graduate,0.2,20.0,Low Risk,Continue regular academic monitoring and maintain student engagement.
Graduate,Graduate,0.21333333333333335,21.333333333333336,Low Risk,Continue regular academic monitoring and maintain student engagement.
Dropout,Dropout,0.5966666666666667,59.66666666666667,Moderate Risk,"Provide academic mentoring, attendance monitoring and personalized guidance."
Graduate,Graduate,0.11666666666666667,11.666666666666666,Low Risk,Continue regular academic monitoring and maintain student engagement.
Dropout,Dropout,0.9733333333333334,97.33333333333334,High Risk,"Immediate academic counseling, faculty mentoring and financial/support assessment."
Graduate,Graduate,0.013333333333333334,1.3333333333333335,Low Risk,Continue regular academic monitoring and maintain student engagement.
Dropout,Dropout,0.6733333333333333,67.33333333333333,High Risk,"Immediate academic counseling, faculty mentoring and financial/support assessment."
Dropout,Dropout,0.4533333333333333,45.33333333333333,Moderate Risk,"Provide academic mentoring, attendance monitoring and personalized guidance."
Graduate,Graduate,0.04666666666666667,4.666666666666667,Low Risk,Continue regular academic monitoring and maintain student engagement.
Graduate,Graduate,0.18666666666666668,18.666666666666668,Low Risk,Continue regular academic monitoring and maintain student engagement.
Graduate,Graduate,0.23,23.0,Low Risk,Continue regular academic monitoring and maintain student engagement.
Enrolled,Enrolled,0.19333333333333333,19.333333333333332,Low Risk,Continue regular academic monitoring and maintain student engagement.
Graduate,Dropout,0.38666666666666666,38.666666666666664,Moderate Risk,"Provide academic mentoring, attendance monitoring and personalized guidance."
Enrolled,Enrolled,0.18333333333333332,18.333333333333332,Low Risk,Continue regular academic monitoring and maintain student engagement.
Dropout,Dropout,0.8633333333333333,86.33333333333333,High Risk,"Immediate academic counseling, faculty mentoring and financial/support assessment."
Dropout,Dropout,0.9633333333333334,96.33333333333334,High Risk,"Immediate academic counseling, faculty mentoring and financial/support assessment."
Enrolled,Dropout,0.83,83.0,High Risk,"Immediate academic counseling, faculty mentoring and financial/support assessment."
Enrolled,Dropout,0.47,47.0,Moderate Risk,"Provide academic mentoring, attendance monitoring and personalized guidance."
Enrolled,Graduate,0.11,11.0,Low Risk,Continue regular academic monitoring and maintain student engagement.
Dropout,Graduate,0.20333333333333334,20.333333333333332,Low Risk,Continue regular academic monitoring and maintain student engagement.
Graduate,Graduate,0.07666666666666666,7.666666666666666,Low Risk,Continue regular academic monitoring and maintain student engagement.
Graduate,Graduate,0.07666666666666666,7.666666666666666,Low Risk,Continue regular academic monitoring and maintain student engagement.
Graduate,Graduate,0.03,3.0,Low Risk,Continue regular academic monitoring and maintain student engagement.
Graduate,Graduate,0.02666666666666667,2.666666666666667,Low Risk,Continue regular academic monitoring and maintain student engagement.
Graduate,Graduate,0.3333333333333333,33.33333333333333,Moderate Risk,"Provide academic mentoring, attendance monitoring and personalized guidance."
Dropout,Dropout,0.6233333333333333,62.33333333333333,High Risk,"Immediate academic counseling, faculty mentoring and financial/support assessment."
Enrolled,Dropout,0.9233333333333333,92.33333333333333,High Risk,"Immediate academic counseling, faculty mentoring and financial/support assessment."
Graduate,Enrolled,0.22333333333333333,22.333333333333332,Low Risk,Continue regular academic monitoring and maintain student engagement.
Dropout,Dropout,0.94,94.0,High Risk,"Immediate academic counseling, faculty mentoring and financial/support assessment."
Enrolled,Graduate,0.06333333333333334,6.333333333333334,Low Risk,Continue regular academic monitoring and maintain student engagement.
Graduate,Graduate,0.023333333333333334,2.3333333333333335,Low Risk,Continue regular academic monitoring and maintain student engagement.
Graduate,Graduate,0.04,4.0,Low Risk,Continue regular academic monitoring and maintain student engagement.
Graduate,Graduate,0.07333333333333333,7.333333333333333,Low Risk,Continue regular academic monitoring and maintain student engagement.
Graduate,Graduate,0.18666666666666668,18.666666666666668,Low Risk,Continue regular academic monitoring and maintain student engagement.
Dropout,Dropout,0.84,84.0,High Risk,"Immediate academic counseling, faculty mentoring and financial/support assessment."
Graduate,Graduate,0.04,4.0,Low Risk,Continue regular academic monitoring and maintain student engagement.
Graduate,Graduate,0.46,46.0,Moderate Risk,"Provide academic mentoring, attendance monitoring and personalized guidance."
Enrolled,Graduate,0.22666666666666666,22.666666666666664,Low Risk,Continue regular academic monitoring and maintain student engagement.
Enrolled,Enrolled,0.3333333333333333,33.33333333333333,Moderate Risk,"Provide academic mentoring, attendance monitoring and personalized guidance."
Graduate,Graduate,0.07,7.000000000000001,Low Risk,Continue regular academic monitoring and maintain student engagement.
Graduate,Graduate,0.12333333333333334,12.333333333333334,Low Risk,Continue regular academic monitoring and maintain student engagement.
Dropout,Dropout,0.9433333333333334,94.33333333333334,High Risk,"Immediate academic counseling, faculty mentoring and financial/support assessment."
Graduate,Graduate,0.14333333333333334,14.333333333333334,Low Risk,Continue regular academic monitoring and maintain student engagement.
Graduate,Graduate,0.05,5.0,Low Risk,Continue regular academic monitoring and maintain student engagement.
Enrolled,Graduate,0.2733333333333333,27.333333333333332,Low Risk,Continue regular academic monitoring and maintain student engagement.
Enrolled,Enrolled,0.32666666666666666,32.666666666666664,Moderate Risk,"Provide academic mentoring, attendance monitoring and personalized guidance."
Graduate,Graduate,0.043333333333333335,4.333333333333334,Low Risk,Continue regular academic monitoring and maintain student engagement.
Dropout,Dropout,0.94,94.0,High Risk,"Immediate academic counseling, faculty mentoring and financial/support assessment."
Dropout,Dropout,0.9233333333333333,92.33333333333333,High Risk,"Immediate academic counseling, faculty mentoring and financial/support assessment."
Graduate,Graduate,0.17333333333333334,17.333333333333336,Low Risk,Continue regular academic monitoring and maintain student engagement.
Graduate,Enrolled,0.26,26.0,Low Risk,Continue regular academic monitoring and maintain student engagement.
Dropout,Dropout,0.8933333333333333,89.33333333333333,High Risk,"Immediate academic counseling, faculty mentoring and financial/support assessment."
Graduate,Graduate,0.10666666666666667,10.666666666666668,Low Risk,Continue regular academic monitoring and maintain student engagement.
Enrolled,Graduate,0.37666666666666665,37.666666666666664,Moderate Risk,"Provide academic mentoring, attendance monitoring and personalized guidance."
Dropout,Dropout,0.8866666666666667,88.66666666666667,High Risk,"Immediate academic counseling, faculty mentoring and financial/support assessment."
Graduate,Graduate,0.06666666666666667,6.666666666666667,Low Risk,Continue regular academic monitoring and maintain student engagement.
Dropout,Dropout,0.7566666666666667,75.66666666666667,High Risk,"Immediate academic counseling, faculty mentoring and financial/support assessment."
Graduate,Enrolled,0.23666666666666666,23.666666666666668,Low Risk,Continue regular academic monitoring and maintain student engagement.
Graduate,Graduate,0.05,5.0,Low Risk,Continue regular academic monitoring and maintain student engagement.
Dropout,Dropout,0.7466666666666667,74.66666666666667,High Risk,"Immediate academic counseling, faculty mentoring and financial/support assessment."
Graduate,Graduate,0.016666666666666666,1.6666666666666667,Low Risk,Continue regular academic monitoring and maintain student engagement.
Graduate,Graduate,0.18333333333333332,18.333333333333332,Low Risk,Continue regular academic monitoring and maintain student engagement.
Graduate,Graduate,0.03,3.0,Low Risk,Continue regular academic monitoring and maintain student engagement.
Graduate,Graduate,0.21333333333333335,21.333333333333336,Low Risk,Continue regular academic monitoring and maintain student engagement.
Graduate,Enrolled,0.3466666666666667,34.66666666666667,Moderate Risk,"Provide academic mentoring, attendance monitoring and personalized guidance."
Enrolled,Enrolled,0.32,32.0,Moderate Risk,"Provide academic mentoring, attendance monitoring and personalized guidance."
Graduate,Graduate,0.22666666666666666,22.666666666666664,Low Risk,Continue regular academic monitoring and maintain student engagement.
Dropout,Graduate,0.12666666666666668,12.666666666666668,Low Risk,Continue regular academic monitoring and maintain student engagement.
Enrolled,Enrolled,0.26666666666666666,26.666666666666668,Low Risk,Continue regular academic monitoring and maintain student engagement.
Dropout,Dropout,0.9,90.0,High Risk,"Immediate academic counseling, faculty mentoring and financial/support assessment."
Graduate,Enrolled,0.23666666666666666,23.666666666666668,Low Risk,Continue regular academic monitoring and maintain student engagement.
Graduate,Graduate,0.07333333333333333,7.333333333333333,Low Risk,Continue regular academic monitoring and maintain student engagement.
Graduate,Graduate,0.10333333333333333,10.333333333333334,Low Risk,Continue regular academic monitoring and maintain student engagement.
Enrolled,Graduate,0.04,4.0,Low Risk,Continue regular academic monitoring and maintain student engagement.
Enrolled,Graduate,0.16,16.0,Low Risk,Continue regular academic monitoring and maintain student engagement.
Enrolled,Graduate,0.28,28.000000000000004,Low Risk,Continue regular academic monitoring and maintain student engagement.
Graduate,Graduate,0.03666666666666667,3.6666666666666665,Low Risk,Continue regular academic monitoring and maintain student engagement.
Dropout,Graduate,0.38333333333333336,38.333333333333336,Moderate Risk,"Provide academic mentoring, attendance monitoring and personalized guidance."
Graduate,Graduate,0.22666666666666666,22.666666666666664,Low Risk,Continue regular academic monitoring and maintain student engagement.
Dropout,Graduate,0.31333333333333335,31.333333333333336,Moderate Risk,"Provide academic mentoring, attendance monitoring and personalized guidance."
Graduate,Enrolled,0.33666666666666667,33.666666666666664,Moderate Risk,"Provide academic mentoring, attendance monitoring and personalized guidance."
Dropout,Dropout,0.5366666666666666,53.666666666666664,Moderate Risk,"Provide academic mentoring, attendance monitoring and personalized guidance."
Dropout,Dropout,0.6566666666666666,65.66666666666666,High Risk,"Immediate academic counseling, faculty mentoring and financial/support assessment."
Dropout,Dropout,0.7833333333333333,78.33333333333333,High Risk,"Immediate academic counseling, faculty mentoring and financial/support assessment."
Dropout,Dropout,0.9633333333333334,96.33333333333334,High Risk,"Immediate academic counseling, faculty mentoring and financial/support assessment."
Enrolled,Graduate,0.056666666666666664,5.666666666666666,Low Risk,Continue regular academic monitoring and maintain student engagement.
Graduate,Graduate,0.0033333333333333335,0.33333333333333337,Low Risk,Continue regular academic monitoring and maintain student engagement.
Enrolled,Dropout,0.52,52.0,Moderate Risk,"Provide academic mentoring, attendance monitoring and personalized guidance."
Graduate,Graduate,0.19333333333333333,19.333333333333332,Low Risk,Continue regular academic monitoring and maintain student engagement.
Graduate,Graduate,0.03,3.0,Low Risk,Continue regular academic monitoring and maintain student engagement.
Dropout,Dropout,0.74,74.0,High Risk,"Immediate academic counseling, faculty mentoring and financial/support assessment."
Graduate,Graduate,0.04,4.0,Low Risk,Continue regular academic monitoring and maintain student engagement.
Dropout,Enrolled,0.30333333333333334,30.333333333333336,Moderate Risk,"Provide academic mentoring, attendance monitoring and personalized guidance."
Enrolled,Enrolled,0.42333333333333334,42.333333333333336,Moderate Risk,"Provide academic mentoring, attendance monitoring and personalized guidance."
Enrolled,Graduate,0.11333333333333333,11.333333333333332,Low Risk,Continue regular academic monitoring and maintain student engagement.
Graduate,Graduate,0.21,21.0,Low Risk,Continue regular academic monitoring and maintain student engagement.
Dropout,Graduate,0.13666666666666666,13.666666666666666,Low Risk,Continue regular academic monitoring and maintain student engagement.
Dropout,Dropout,0.9666666666666667,96.66666666666667,High Risk,"Immediate academic counseling, faculty mentoring and financial/support assessment."
Enrolled,Enrolled,0.39,39.0,Moderate Risk,"Provide academic mentoring, attendance monitoring and personalized guidance."
Graduate,Graduate,0.006666666666666667,0.6666666666666667,Low Risk,Continue regular academic monitoring and maintain student engagement.
Graduate,Graduate,0.01,1.0,Low Risk,Continue regular academic monitoring and maintain student engagement.
Enrolled,Enrolled,0.26,26.0,Low Risk,Continue regular academic monitoring and maintain student engagement.
Graduate,Graduate,0.006666666666666667,0.6666666666666667,Low Risk,Continue regular academic monitoring and maintain student engagement.
Graduate,Graduate,0.27,27.0,Low Risk,Continue regular academic monitoring and maintain student engagement.
Graduate,Graduate,0.0033333333333333335,0.33333333333333337,Low Risk,Continue regular academic monitoring and maintain student engagement.
Graduate,Graduate,0.15,15.0,Low Risk,Continue regular academic monitoring and maintain student engagement.
Dropout,Dropout,0.9766666666666667,97.66666666666667,High Risk,"Immediate academic counseling, faculty mentoring and financial/support assessment."
Dropout,Dropout,0.5966666666666667,59.66666666666667,Moderate Risk,"Provide academic mentoring, attendance monitoring and personalized guidance."
Graduate,Graduate,0.27,27.0,Low Risk,Continue regular academic monitoring and maintain student engagement.
Graduate,Graduate,0.16333333333333333,16.333333333333332,Low Risk,Continue regular academic monitoring and maintain student engagement.
Dropout,Graduate,0.36,36.0,Moderate Risk,"Provide academic mentoring, attendance monitoring and personalized guidance."
Graduate,Graduate,0.06666666666666667,6.666666666666667,Low Risk,Continue regular academic monitoring and maintain student engagement.
Graduate,Graduate,0.016666666666666666,1.6666666666666667,Low Risk,Continue regular academic monitoring and maintain student engagement.
Enrolled,Dropout,0.3566666666666667,35.66666666666667,Moderate Risk,"Provide academic mentoring, attendance monitoring and personalized guidance."
Graduate,Graduate,0.1,10.0,Low Risk,Continue regular academic monitoring and maintain student engagement.
Graduate,Graduate,0.07666666666666666,7.666666666666666,Low Risk,Continue regular academic monitoring and maintain student engagement.
Dropout,Dropout,0.6966666666666667,69.66666666666667,High Risk,"Immediate academic counseling, faculty mentoring and financial/support assessment."
Enrolled,Graduate,0.17333333333333334,17.333333333333336,Low Risk,Continue regular academic monitoring and maintain student engagement.
Enrolled,Dropout,0.46,46.0,Moderate Risk,"Provide academic mentoring, attendance monitoring and personalized guidance."
Graduate,Graduate,0.13,13.0,Low Risk,Continue regular academic monitoring and maintain student engagement.
Enrolled,Graduate,0.24333333333333335,24.333333333333336,Low Risk,Continue regular academic monitoring and maintain student engagement.
Enrolled,Dropout,0.42333333333333334,42.333333333333336,Moderate Risk,"Provide academic mentoring, attendance monitoring and personalized guidance."
Dropout,Graduate,0.19333333333333333,19.333333333333332,Low Risk,Continue regular academic monitoring and maintain student engagement.
Dropout,Dropout,0.9133333333333333,91.33333333333333,High Risk,"Immediate academic counseling, faculty mentoring and financial/support assessment."
Graduate,Graduate,0.023333333333333334,2.3333333333333335,Low Risk,Continue regular academic monitoring and maintain student engagement.
Dropout,Graduate,0.22333333333333333,22.333333333333332,Low Risk,Continue regular academic monitoring and maintain student engagement.
Dropout,Dropout,0.6466666666666666,64.66666666666666,High Risk,"Immediate academic counseling, faculty mentoring and financial/support assessment."
Graduate,Graduate,0.13333333333333333,13.333333333333334,Low Risk,Continue regular academic monitoring and maintain student engagement.
Dropout,Dropout,0.9733333333333334,97.33333333333334,High Risk,"Immediate academic counseling, faculty mentoring and financial/support assessment."
Graduate,Graduate,0.25333333333333335,25.333333333333336,Low Risk,Continue regular academic monitoring and maintain student engagement.
Dropout,Dropout,0.5833333333333334,58.333333333333336,Moderate Risk,"Provide academic mentoring, attendance monitoring and personalized guidance."
Graduate,Graduate,0.043333333333333335,4.333333333333334,Low Risk,Continue regular academic monitoring and maintain student engagement.
Enrolled,Graduate,0.26666666666666666,26.666666666666668,Low Risk,Continue regular academic monitoring and maintain student engagement.
Dropout,Enrolled,0.15666666666666668,15.666666666666668,Low Risk,Continue regular academic monitoring and maintain student engagement.
Graduate,Graduate,0.06666666666666667,6.666666666666667,Low Risk,Continue regular academic monitoring and maintain student engagement.
Dropout,Dropout,0.9666666666666667,96.66666666666667,High Risk,"Immediate academic counseling, faculty mentoring and financial/support assessment."
Graduate,Graduate,0.16333333333333333,16.333333333333332,Low Risk,Continue regular academic monitoring and maintain student engagement.
Graduate,Graduate,0.05,5.0,Low Risk,Continue regular academic monitoring and maintain student engagement.
Graduate,Graduate,0.22333333333333333,22.333333333333332,Low Risk,Continue regular academic monitoring and maintain student engagement.
Graduate,Graduate,0.1,10.0,Low Risk,Continue regular academic monitoring and maintain student engagement.
Graduate,Graduate,0.043333333333333335,4.333333333333334,Low Risk,Continue regular academic monitoring and maintain student engagement.
Dropout,Dropout,0.7133333333333334,71.33333333333334,High Risk,"Immediate academic counseling, faculty mentoring and financial/support assessment."
Dropout,Dropout,0.47,47.0,Moderate Risk,"Provide academic mentoring, attendance monitoring and personalized guidance."
Dropout,Graduate,0.35,35.0,Moderate Risk,"Provide academic mentoring, attendance monitoring and personalized guidance."
Dropout,Dropout,0.9366666666666666,93.66666666666667,High Risk,"Immediate academic counseling, faculty mentoring and financial/support assessment."
Graduate,Graduate,0.05333333333333334,5.333333333333334,Low Risk,Continue regular academic monitoring and maintain student engagement.
Graduate,Graduate,0.03,3.0,Low Risk,Continue regular academic monitoring and maintain student engagement.
Enrolled,Graduate,0.07,7.000000000000001,Low Risk,Continue regular academic monitoring and maintain student engagement.
Graduate,Graduate,0.04,4.0,Low Risk,Continue regular academic monitoring and maintain student engagement.
Dropout,Dropout,0.91,91.0,High Risk,"Immediate academic counseling, faculty mentoring and financial/support assessment."
Graduate,Graduate,0.16,16.0,Low Risk,Continue regular academic monitoring and maintain student engagement.
Dropout,Dropout,0.76,76.0,High Risk,"Immediate academic counseling, faculty mentoring and financial/support assessment."
Graduate,Graduate,0.16,16.0,Low Risk,Continue regular academic monitoring and maintain student engagement.
Graduate,Graduate,0.04,4.0,Low Risk,Continue regular academic monitoring and maintain student engagement.
Enrolled,Enrolled,0.37666666666666665,37.666666666666664,Moderate Risk,"Provide academic mentoring, attendance monitoring and personalized guidance."
Enrolled,Graduate,0.19333333333333333,19.333333333333332,Low Risk,Continue regular academic monitoring and maintain student engagement.
Graduate,Graduate,0.06333333333333334,6.333333333333334,Low Risk,Continue regular academic monitoring and maintain student engagement.
Graduate,Graduate,0.06333333333333334,6.333333333333334,Low Risk,Continue regular academic monitoring and maintain student engagement.
Dropout,Dropout,0.92,92.0,High Risk,"Immediate academic counseling, faculty mentoring and financial/support assessment."
Dropout,Dropout,0.7433333333333333,74.33333333333333,High Risk,"Immediate academic counseling, faculty mentoring and financial/support assessment."
Dropout,Dropout,0.6333333333333333,63.33333333333333,High Risk,"Immediate academic counseling, faculty mentoring and financial/support assessment."
Graduate,Graduate,0.2633333333333333,26.333333333333332,Low Risk,Continue regular academic monitoring and maintain student engagement.
Enrolled,Enrolled,0.19666666666666666,19.666666666666664,Low Risk,Continue regular academic monitoring and maintain student engagement.
Dropout,Dropout,0.8633333333333333,86.33333333333333,High Risk,"Immediate academic counseling, faculty mentoring and financial/support assessment."
Graduate,Graduate,0.01,1.0,Low Risk,Continue regular academic monitoring and maintain student engagement.
Dropout,Dropout,0.8766666666666667,87.66666666666667,High Risk,"Immediate academic counseling, faculty mentoring and financial/support assessment."
Dropout,Enrolled,0.3333333333333333,33.33333333333333,Moderate Risk,"Provide academic mentoring, attendance monitoring and personalized guidance."
Graduate,Graduate,0.07,7.000000000000001,Low Risk,Continue regular academic monitoring and maintain student engagement.
Graduate,Graduate,0.09333333333333334,9.333333333333334,Low Risk,Continue regular academic monitoring and maintain student engagement.
Dropout,Graduate,0.24,24.0,Low Risk,Continue regular academic monitoring and maintain student engagement.
Graduate,Graduate,0.08666666666666667,8.666666666666668,Low Risk,Continue regular academic monitoring and maintain student engagement.
Graduate,Graduate,0.10333333333333333,10.333333333333334,Low Risk,Continue regular academic monitoring and maintain student engagement.
Graduate,Graduate,0.043333333333333335,4.333333333333334,Low Risk,Continue regular academic monitoring and maintain student engagement.
Graduate,Enrolled,0.21,21.0,Low Risk,Continue regular academic monitoring and maintain student engagement.
Enrolled,Dropout,0.5266666666666666,52.666666666666664,Moderate Risk,"Provide academic mentoring, attendance monitoring and personalized guidance."
Graduate,Graduate,0.27,27.0,Low Risk,Continue regular academic monitoring and maintain student engagement.
Graduate,Graduate,0.043333333333333335,4.333333333333334,Low Risk,Continue regular academic monitoring and maintain student engagement.
Dropout,Graduate,0.19,19.0,Low Risk,Continue regular academic monitoring and maintain student engagement.
Dropout,Dropout,0.4066666666666667,40.666666666666664,Moderate Risk,"Provide academic mentoring, attendance monitoring and personalized guidance."
Enrolled,Enrolled,0.38,38.0,Moderate Risk,"Provide academic mentoring, attendance monitoring and personalized guidance."
Graduate,Graduate,0.25333333333333335,25.333333333333336,Low Risk,Continue regular academic monitoring and maintain student engagement.
Dropout,Graduate,0.17333333333333334,17.333333333333336,Low Risk,Continue regular academic monitoring and maintain student engagement.
Dropout,Enrolled,0.32,32.0,Moderate Risk,"Provide academic mentoring, attendance monitoring and personalized guidance."
Graduate,Graduate,0.01,1.0,Low Risk,Continue regular academic monitoring and maintain student engagement.
Graduate,Graduate,0.25666666666666665,25.666666666666664,Low Risk,Continue regular academic monitoring and maintain student engagement.
Graduate,Graduate,0.09,9.0,Low Risk,Continue regular academic monitoring and maintain student engagement.
Enrolled,Dropout,0.56,56.00000000000001,Moderate Risk,"Provide academic mentoring, attendance monitoring and personalized guidance."
Dropout,Graduate,0.12333333333333334,12.333333333333334,Low Risk,Continue regular academic monitoring and maintain student engagement.
Dropout,Dropout,0.74,74.0,High Risk,"Immediate academic counseling, faculty mentoring and financial/support assessment."
Graduate,Graduate,0.14333333333333334,14.333333333333334,Low Risk,Continue regular academic monitoring and maintain student engagement.
Dropout,Dropout,0.5266666666666666,52.666666666666664,Moderate Risk,"Provide academic mentoring, attendance monitoring and personalized guidance."
Dropout,Dropout,0.96,96.0,High Risk,"Immediate academic counseling, faculty mentoring and financial/support assessment."
Enrolled,Graduate,0.12,12.0,Low Risk,Continue regular academic monitoring and maintain student engagement.
Graduate,Graduate,0.16666666666666666,16.666666666666664,Low Risk,Continue regular academic monitoring and maintain student engagement.
Dropout,Dropout,0.9166666666666666,91.66666666666666,High Risk,"Immediate academic counseling, faculty mentoring and financial/support assessment."
Graduate,Graduate,0.03666666666666667,3.6666666666666665,Low Risk,Continue regular academic monitoring and maintain student engagement.
Enrolled,Enrolled,0.11333333333333333,11.333333333333332,Low Risk,Continue regular academic monitoring and maintain student engagement.
Graduate,Graduate,0.006666666666666667,0.6666666666666667,Low Risk,Continue regular academic monitoring and maintain student engagement.
Graduate,Graduate,0.023333333333333334,2.3333333333333335,Low Risk,Continue regular academic monitoring and maintain student engagement.
Graduate,Graduate,0.023333333333333334,2.3333333333333335,Low Risk,Continue regular academic monitoring and maintain student engagement.
Graduate,Graduate,0.01,1.0,Low Risk,Continue regular academic monitoring and maintain student engagement.
Graduate,Graduate,0.016666666666666666,1.6666666666666667,Low Risk,Continue regular academic monitoring and maintain student engagement.
Dropout,Dropout,0.9966666666666667,99.66666666666667,High Risk,"Immediate academic counseling, faculty mentoring and financial/support assessment."
Graduate,Dropout,0.43,43.0,Moderate Risk,"Provide academic mentoring, attendance monitoring and personalized guidance."
Graduate,Graduate,0.03,3.0,Low Risk,Continue regular academic monitoring and maintain student engagement.
Graduate,Graduate,0.10666666666666667,10.666666666666668,Low Risk,Continue regular academic monitoring and maintain student engagement.
Graduate,Graduate,0.05333333333333334,5.333333333333334,Low Risk,Continue regular academic monitoring and maintain student engagement.
Graduate,Graduate,0.03333333333333333,3.3333333333333335,Low Risk,Continue regular academic monitoring and maintain student engagement.
Graduate,Graduate,0.12666666666666668,12.666666666666668,Low Risk,Continue regular academic monitoring and maintain student engagement.
Enrolled,Dropout,0.8833333333333333,88.33333333333333,High Risk,"Immediate academic counseling, faculty mentoring and financial/support assessment."
Graduate,Enrolled,0.26,26.0,Low Risk,Continue regular academic monitoring and maintain student engagement.
Graduate,Graduate,0.04666666666666667,4.666666666666667,Low Risk,Continue regular academic monitoring and maintain student engagement.
Graduate,Graduate,0.15666666666666668,15.666666666666668,Low Risk,Continue regular academic monitoring and maintain student engagement.
Graduate,Graduate,0.20333333333333334,20.333333333333332,Low Risk,Continue regular academic monitoring and maintain student engagement.
Graduate,Graduate,0.013333333333333334,1.3333333333333335,Low Risk,Continue regular academic monitoring and maintain student engagement.
Graduate,Graduate,0.08666666666666667,8.666666666666668,Low Risk,Continue regular academic monitoring and maintain student engagement.
Dropout,Graduate,0.1,10.0,Low Risk,Continue regular academic monitoring and maintain student engagement.
Graduate,Graduate,0.023333333333333334,2.3333333333333335,Low Risk,Continue regular academic monitoring and maintain student engagement.
Enrolled,Enrolled,0.14666666666666667,14.666666666666666,Low Risk,Continue regular academic monitoring and maintain student engagement.
Dropout,Dropout,0.9333333333333333,93.33333333333333,High Risk,"Immediate academic counseling, faculty mentoring and financial/support assessment."
Graduate,Graduate,0.02,2.0,Low Risk,Continue regular academic monitoring and maintain student engagement.
Dropout,Dropout,0.9666666666666667,96.66666666666667,High Risk,"Immediate academic counseling, faculty mentoring and financial/support assessment."
Graduate,Graduate,0.11666666666666667,11.666666666666666,Low Risk,Continue regular academic monitoring and maintain student engagement.
Enrolled,Graduate,0.19666666666666666,19.666666666666664,Low Risk,Continue regular academic monitoring and maintain student engagement.
Graduate,Graduate,0.06333333333333334,6.333333333333334,Low Risk,Continue regular academic monitoring and maintain student engagement.
Graduate,Graduate,0.03333333333333333,3.3333333333333335,Low Risk,Continue regular academic monitoring and maintain student engagement.
Dropout,Dropout,0.9566666666666667,95.66666666666667,High Risk,"Immediate academic counseling, faculty mentoring and financial/support assessment."
Enrolled,Enrolled,0.16,16.0,Low Risk,Continue regular academic monitoring and maintain student engagement.
Dropout,Dropout,0.68,68.0,High Risk,"Immediate academic counseling, faculty mentoring and financial/support assessment."
Enrolled,Graduate,0.23666666666666666,23.666666666666668,Low Risk,Continue regular academic monitoring and maintain student engagement.
Graduate,Graduate,0.11333333333333333,11.333333333333332,Low Risk,Continue regular academic monitoring and maintain student engagement.
Enrolled,Graduate,0.09,9.0,Low Risk,Continue regular academic monitoring and maintain student engagement.
Graduate,Graduate,0.02,2.0,Low Risk,Continue regular academic monitoring and maintain student engagement.
Dropout,Dropout,0.5433333333333333,54.333333333333336,Moderate Risk,"Provide academic mentoring, attendance monitoring and personalized guidance."
Graduate,Graduate,0.02666666666666667,2.666666666666667,Low Risk,Continue regular academic monitoring and maintain student engagement.
Graduate,Dropout,0.53,53.0,Moderate Risk,"Provide academic mentoring, attendance monitoring and personalized guidance."
Enrolled,Dropout,0.57,56.99999999999999,Moderate Risk,"Provide academic mentoring, attendance monitoring and personalized guidance."
Dropout,Dropout,0.4,40.0,Moderate Risk,"Provide academic mentoring, attendance monitoring and personalized guidance."
Dropout,Dropout,0.9733333333333334,97.33333333333334,High Risk,"Immediate academic counseling, faculty mentoring and financial/support assessment."
Dropout,Dropout,0.9166666666666666,91.66666666666666,High Risk,"Immediate academic counseling, faculty mentoring and financial/support assessment."
Graduate,Graduate,0.06666666666666667,6.666666666666667,Low Risk,Continue regular academic monitoring and maintain student engagement.
Graduate,Graduate,0.08333333333333333,8.333333333333332,Low Risk,Continue regular academic monitoring and maintain student engagement.
Graduate,Graduate,0.06,6.0,Low Risk,Continue regular academic monitoring and maintain student engagement.
Graduate,Graduate,0.13333333333333333,13.333333333333334,Low Risk,Continue regular academic monitoring and maintain student engagement.
Enrolled,Enrolled,0.35333333333333333,35.333333333333336,Moderate Risk,"Provide academic mentoring, attendance monitoring and personalized guidance."
Graduate,Graduate,0.03333333333333333,3.3333333333333335,Low Risk,Continue regular academic monitoring and maintain student engagement.
Enrolled,Graduate,0.05,5.0,Low Risk,Continue regular academic monitoring and maintain student engagement.
Graduate,Graduate,0.08333333333333333,8.333333333333332,Low Risk,Continue regular academic monitoring and maintain student engagement.
Enrolled,Dropout,0.38333333333333336,38.333333333333336,Moderate Risk,"Provide academic mentoring, attendance monitoring and personalized guidance."
Graduate,Graduate,0.08666666666666667,8.666666666666668,Low Risk,Continue regular academic monitoring and maintain student engagement.
Dropout,Dropout,0.95,95.0,High Risk,"Immediate academic counseling, faculty mentoring and financial/support assessment."
Graduate,Graduate,0.09666666666666666,9.666666666666666,Low Risk,Continue regular academic monitoring and maintain student engagement.
Graduate,Graduate,0.13666666666666666,13.666666666666666,Low Risk,Continue regular academic monitoring and maintain student engagement.
Graduate,Graduate,0.21,21.0,Low Risk,Continue regular academic monitoring and maintain student engagement.
Enrolled,Dropout,0.43333333333333335,43.333333333333336,Moderate Risk,"Provide academic mentoring, attendance monitoring and personalized guidance."
Graduate,Graduate,0.14,14.000000000000002,Low Risk,Continue regular academic monitoring and maintain student engagement.
Graduate,Graduate,0.08666666666666667,8.666666666666668,Low Risk,Continue regular academic monitoring and maintain student engagement.
Enrolled,Enrolled,0.22666666666666666,22.666666666666664,Low Risk,Continue regular academic monitoring and maintain student engagement.
Dropout,Dropout,0.7633333333333333,76.33333333333333,High Risk,"Immediate academic counseling, faculty mentoring and financial/support assessment."
Graduate,Graduate,0.01,1.0,Low Risk,Continue regular academic monitoring and maintain student engagement.
Graduate,Graduate,0.14,14.000000000000002,Low Risk,Continue regular academic monitoring and maintain student engagement.
Graduate,Graduate,0.10666666666666667,10.666666666666668,Low Risk,Continue regular academic monitoring and maintain student engagement.
Graduate,Graduate,0.03,3.0,Low Risk,Continue regular academic monitoring and maintain student engagement.
Dropout,Dropout,0.9966666666666667,99.66666666666667,High Risk,"Immediate academic counseling, faculty mentoring and financial/support assessment."
Graduate,Graduate,0.08,8.0,Low Risk,Continue regular academic monitoring and maintain student engagement.
Graduate,Graduate,0.06666666666666667,6.666666666666667,Low Risk,Continue regular academic monitoring and maintain student engagement.
Graduate,Graduate,0.06333333333333334,6.333333333333334,Low Risk,Continue regular academic monitoring and maintain student engagement.
Graduate,Graduate,0.10333333333333333,10.333333333333334,Low Risk,Continue regular academic monitoring and maintain student engagement.
Enrolled,Enrolled,0.37666666666666665,37.666666666666664,Moderate Risk,"Provide academic mentoring, attendance monitoring and personalized guidance."
Graduate,Graduate,0.38,38.0,Moderate Risk,"Provide academic mentoring, attendance monitoring and personalized guidance."
Dropout,Dropout,0.76,76.0,High Risk,"Immediate academic counseling, faculty mentoring and financial/support assessment."
Graduate,Enrolled,0.25,25.0,Low Risk,Continue regular academic monitoring and maintain student engagement.
Graduate,Dropout,0.44,44.0,Moderate Risk,"Provide academic mentoring, attendance monitoring and personalized guidance."
Graduate,Graduate,0.09666666666666666,9.666666666666666,Low Risk,Continue regular academic monitoring and maintain student engagement.
Enrolled,Graduate,0.08,8.0,Low Risk,Continue regular academic monitoring and maintain student engagement.
Dropout,Dropout,0.9833333333333333,98.33333333333333,High Risk,"Immediate academic counseling, faculty mentoring and financial/support assessment."
Dropout,Dropout,0.4766666666666667,47.66666666666667,Moderate Risk,"Provide academic mentoring, attendance monitoring and personalized guidance."
Graduate,Graduate,0.02666666666666667,2.666666666666667,Low Risk,Continue regular academic monitoring and maintain student engagement.
Dropout,Dropout,0.6366666666666667,63.66666666666667,High Risk,"Immediate academic counseling, faculty mentoring and financial/support assessment."
Dropout,Dropout,0.93,93.0,High Risk,"Immediate academic counseling, faculty mentoring and financial/support assessment."
Graduate,Graduate,0.02,2.0,Low Risk,Continue regular academic monitoring and maintain student engagement.
Graduate,Graduate,0.09333333333333334,9.333333333333334,Low Risk,Continue regular academic monitoring and maintain student engagement.
Graduate,Graduate,0.016666666666666666,1.6666666666666667,Low Risk,Continue regular academic monitoring and maintain student engagement.
Enrolled,Enrolled,0.3933333333333333,39.33333333333333,Moderate Risk,"Provide academic mentoring, attendance monitoring and personalized guidance."
Dropout,Dropout,0.92,92.0,High Risk,"Immediate academic counseling, faculty mentoring and financial/support assessment."
Graduate,Graduate,0.28,28.000000000000004,Low Risk,Continue regular academic monitoring and maintain student engagement.
Graduate,Graduate,0.17666666666666667,17.666666666666668,Low Risk,Continue regular academic monitoring and maintain student engagement.
Dropout,Dropout,0.98,98.0,High Risk,"Immediate academic counseling, faculty mentoring and financial/support assessment."
Graduate,Graduate,0.023333333333333334,2.3333333333333335,Low Risk,Continue regular academic monitoring and maintain student engagement.
Enrolled,Graduate,0.16333333333333333,16.333333333333332,Low Risk,Continue regular academic monitoring and maintain student engagement.
Dropout,Dropout,0.9966666666666667,99.66666666666667,High Risk,"Immediate academic counseling, faculty mentoring and financial/support assessment."
Enrolled,Graduate,0.29333333333333333,29.333333333333332,Low Risk,Continue regular academic monitoring and maintain student engagement.
Dropout,Graduate,0.02,2.0,Low Risk,Continue regular academic monitoring and maintain student engagement.
Graduate,Graduate,0.03,3.0,Low Risk,Continue regular academic monitoring and maintain student engagement.
Graduate,Graduate,0.10666666666666667,10.666666666666668,Low Risk,Continue regular academic monitoring and maintain student engagement.
Dropout,Dropout,0.8466666666666667,84.66666666666667,High Risk,"Immediate academic counseling, faculty mentoring and financial/support assessment."
Graduate,Graduate,0.02666666666666667,2.666666666666667,Low Risk,Continue regular academic monitoring and maintain student engagement.
Dropout,Dropout,0.99,99.0,High Risk,"Immediate academic counseling, faculty mentoring and financial/support assessment."
Dropout,Graduate,0.023333333333333334,2.3333333333333335,Low Risk,Continue regular academic monitoring and maintain student engagement.
Enrolled,Graduate,0.07333333333333333,7.333333333333333,Low Risk,Continue regular academic monitoring and maintain student engagement.
Graduate,Graduate,0.07,7.000000000000001,Low Risk,Continue regular academic monitoring and maintain student engagement.
Dropout,Dropout,0.63,63.0,High Risk,"Immediate academic counseling, faculty mentoring and financial/support assessment."
Dropout,Dropout,0.68,68.0,High Risk,"Immediate academic counseling, faculty mentoring and financial/support assessment."
Enrolled,Dropout,0.48,48.0,Moderate Risk,"Provide academic mentoring, attendance monitoring and personalized guidance."
Dropout,Dropout,0.5066666666666667,50.66666666666667,Moderate Risk,"Provide academic mentoring, attendance monitoring and personalized guidance."
Graduate,Graduate,0.03666666666666667,3.6666666666666665,Low Risk,Continue regular academic monitoring and maintain student engagement.
Graduate,Graduate,0.18333333333333332,18.333333333333332,Low Risk,Continue regular academic monitoring and maintain student engagement.
Enrolled,Enrolled,0.32666666666666666,32.666666666666664,Moderate Risk,"Provide academic mentoring, attendance monitoring and personalized guidance."
Dropout,Graduate,0.02666666666666667,2.666666666666667,Low Risk,Continue regular academic monitoring and maintain student engagement.
Graduate,Graduate,0.043333333333333335,4.333333333333334,Low Risk,Continue regular academic monitoring and maintain student engagement.
Dropout,Graduate,0.31,31.0,Moderate Risk,"Provide academic mentoring, attendance monitoring and personalized guidance."
Dropout,Graduate,0.05,5.0,Low Risk,Continue regular academic monitoring and maintain student engagement.
Graduate,Graduate,0.26,26.0,Low Risk,Continue regular academic monitoring and maintain student engagement.
Graduate,Enrolled,0.19666666666666666,19.666666666666664,Low Risk,Continue regular academic monitoring and maintain student engagement.
Dropout,Dropout,0.99,99.0,High Risk,"Immediate academic counseling, faculty mentoring and financial/support assessment."
Graduate,Graduate,0.06666666666666667,6.666666666666667,Low Risk,Continue regular academic monitoring and maintain student engagement.
Dropout,Dropout,0.93,93.0,High Risk,"Immediate academic counseling, faculty mentoring and financial/support assessment."
Enrolled,Dropout,0.3933333333333333,39.33333333333333,Moderate Risk,"Provide academic mentoring, attendance monitoring and personalized guidance."
Graduate,Graduate,0.043333333333333335,4.333333333333334,Low Risk,Continue regular academic monitoring and maintain student engagement.
Enrolled,Enrolled,0.33666666666666667,33.666666666666664,Moderate Risk,"Provide academic mentoring, attendance monitoring and personalized guidance."
Graduate,Graduate,0.17333333333333334,17.333333333333336,Low Risk,Continue regular academic monitoring and maintain student engagement.
Dropout,Dropout,0.8133333333333334,81.33333333333333,High Risk,"Immediate academic counseling, faculty mentoring and financial/support assessment."
Dropout,Dropout,0.5666666666666667,56.666666666666664,Moderate Risk,"Provide academic mentoring, attendance monitoring and personalized guidance."
Dropout,Graduate,0.11333333333333333,11.333333333333332,Low Risk,Continue regular academic monitoring and maintain student engagement.
Dropout,Dropout,0.97,97.0,High Risk,"Immediate academic counseling, faculty mentoring and financial/support assessment."
Dropout,Dropout,0.9933333333333333,99.33333333333333,High Risk,"Immediate academic counseling, faculty mentoring and financial/support assessment."
Graduate,Graduate,0.01,1.0,Low Risk,Continue regular academic monitoring and maintain student engagement.
Enrolled,Enrolled,0.23,23.0,Low Risk,Continue regular academic monitoring and maintain student engagement.
Enrolled,Graduate,0.30333333333333334,30.333333333333336,Moderate Risk,"Provide academic mentoring, attendance monitoring and personalized guidance."
Dropout,Dropout,0.8966666666666666,89.66666666666666,High Risk,"Immediate academic counseling, faculty mentoring and financial/support assessment."
Graduate,Graduate,0.03666666666666667,3.6666666666666665,Low Risk,Continue regular academic monitoring and maintain student engagement.
Dropout,Dropout,0.9933333333333333,99.33333333333333,High Risk,"Immediate academic counseling, faculty mentoring and financial/support assessment."
Enrolled,Enrolled,0.11666666666666667,11.666666666666666,Low Risk,Continue regular academic monitoring and maintain student engagement.
Graduate,Graduate,0.2866666666666667,28.666666666666668,Low Risk,Continue regular academic monitoring and maintain student engagement.
Dropout,Graduate,0.17,17.0,Low Risk,Continue regular academic monitoring and maintain student engagement.
Enrolled,Graduate,0.21666666666666667,21.666666666666668,Low Risk,Continue regular academic monitoring and maintain student engagement.
Graduate,Graduate,0.056666666666666664,5.666666666666666,Low Risk,Continue regular academic monitoring and maintain student engagement.
Graduate,Graduate,0.043333333333333335,4.333333333333334,Low Risk,Continue regular academic monitoring and maintain student engagement.
Dropout,Dropout,0.6033333333333334,60.333333333333336,High Risk,"Immediate academic counseling, faculty mentoring and financial/support assessment."
Dropout,Enrolled,0.35333333333333333,35.333333333333336,Moderate Risk,"Provide academic mentoring, attendance monitoring and personalized guidance."
Dropout,Dropout,0.8366666666666667,83.66666666666667,High Risk,"Immediate academic counseling, faculty mentoring and financial/support assessment."
Enrolled,Graduate,0.07,7.000000000000001,Low Risk,Continue regular academic monitoring and maintain student engagement.
Graduate,Graduate,0.05,5.0,Low Risk,Continue regular academic monitoring and maintain student engagement.
Graduate,Graduate,0.13333333333333333,13.333333333333334,Low Risk,Continue regular academic monitoring and maintain student engagement.
Graduate,Graduate,0.06666666666666667,6.666666666666667,Low Risk,Continue regular academic monitoring and maintain student engagement.
Dropout,Dropout,0.58,57.99999999999999,Moderate Risk,"Provide academic mentoring, attendance monitoring and personalized guidance."
Dropout,Dropout,0.69,69.0,High Risk,"Immediate academic counseling, faculty mentoring and financial/support assessment."
Dropout,Enrolled,0.35,35.0,Moderate Risk,"Provide academic mentoring, attendance monitoring and personalized guidance."
Dropout,Dropout,0.9566666666666667,95.66666666666667,High Risk,"Immediate academic counseling, faculty mentoring and financial/support assessment."
Graduate,Graduate,0.31333333333333335,31.333333333333336,Moderate Risk,"Provide academic mentoring, attendance monitoring and personalized guidance."
Graduate,Graduate,0.07666666666666666,7.666666666666666,Low Risk,Continue regular academic monitoring and maintain student engagement.
Dropout,Dropout,0.9966666666666667,99.66666666666667,High Risk,"Immediate academic counseling, faculty mentoring and financial/support assessment."
Graduate,Graduate,0.04,4.0,Low Risk,Continue regular academic monitoring and maintain student engagement.
Graduate,Graduate,0.07666666666666666,7.666666666666666,Low Risk,Continue regular academic monitoring and maintain student engagement.
Dropout,Dropout,0.89,89.0,High Risk,"Immediate academic counseling, faculty mentoring and financial/support assessment."
Dropout,Dropout,0.7133333333333334,71.33333333333334,High Risk,"Immediate academic counseling, faculty mentoring and financial/support assessment."
Graduate,Graduate,0.07,7.000000000000001,Low Risk,Continue regular academic monitoring and maintain student engagement.
Dropout,Dropout,0.9966666666666667,99.66666666666667,High Risk,"Immediate academic counseling, faculty mentoring and financial/support assessment."
Enrolled,Dropout,0.6833333333333333,68.33333333333333,High Risk,"Immediate academic counseling, faculty mentoring and financial/support assessment."
Graduate,Graduate,0.02666666666666667,2.666666666666667,Low Risk,Continue regular academic monitoring and maintain student engagement.
Graduate,Graduate,0.0033333333333333335,0.33333333333333337,Low Risk,Continue regular academic monitoring and maintain student engagement.
Graduate,Graduate,0.10666666666666667,10.666666666666668,Low Risk,Continue regular academic monitoring and maintain student engagement.
Graduate,Graduate,0.3,30.0,Moderate Risk,"Provide academic mentoring, attendance monitoring and personalized guidance."
Enrolled,Graduate,0.17333333333333334,17.333333333333336,Low Risk,Continue regular academic monitoring and maintain student engagement.
Dropout,Dropout,0.9733333333333334,97.33333333333334,High Risk,"Immediate academic counseling, faculty mentoring and financial/support assessment."
Graduate,Graduate,0.02,2.0,Low Risk,Continue regular academic monitoring and maintain student engagement.
Graduate,Graduate,0.11666666666666667,11.666666666666666,Low Risk,Continue regular academic monitoring and maintain student engagement.
Graduate,Graduate,0.12,12.0,Low Risk,Continue regular academic monitoring and maintain student engagement.
Enrolled,Graduate,0.18666666666666668,18.666666666666668,Low Risk,Continue regular academic monitoring and maintain student engagement.
Graduate,Dropout,0.63,63.0,High Risk,"Immediate academic counseling, faculty mentoring and financial/support assessment."
Dropout,Enrolled,0.3333333333333333,33.33333333333333,Moderate Risk,"Provide academic mentoring, attendance monitoring and personalized guidance."
Dropout,Graduate,0.25333333333333335,25.333333333333336,Low Risk,Continue regular academic monitoring and maintain student engagement.
Graduate,Graduate,0.24333333333333335,24.333333333333336,Low Risk,Continue regular academic monitoring and maintain student engagement.
Graduate,Graduate,0.03666666666666667,3.6666666666666665,Low Risk,Continue regular academic monitoring and maintain student engagement.
Graduate,Graduate,0.24333333333333335,24.333333333333336,Low Risk,Continue regular academic monitoring and maintain student engagement.
Enrolled,Graduate,0.15,15.0,Low Risk,Continue regular academic monitoring and maintain student engagement.
